id_Tipo,nom_subtipo,esp_VidaMin,esp_VidaMax,desc_Subtipo
1,Bichon Bolones,12,14,"Perro de compañía, dócil, pelaje rizado blanco; requiere cepillado frecuente."
1,Bichon Maltes,12,15,"Muy afectuoso, pelaje largo blanco; ideal como perro de compañía."
1,Chihuahua Pelo Corto,14,16,Vigilante y vivaz; necesita socialización temprana y abrigo en frío.
1,Chihuahua Pelo Largo,14,16,"Similar al de pelo corto, con manto largo y sedoso."
1,Crestado Chino,13,15,"Variedades con y sin pelo; sensible al frío, muy apegado a su familia."
1,Pequeno Ruso,12,14,"‘Russian Toy’; ligero y activo, ideal para espacios reducidos."
1,Petit Brabancon,12,15,"Variedad de los grifones; expresivo, leal y buen perro de apartamento."
1,Pomerania,12,16,"Espitz diminuto, alerta y vocal; pelaje abundante que requiere cepillado."
1,Silky Terrier Australiano,12,15,Terrier elegante de manto sedoso; activo y curioso.
1,Spaniel continental enano,13,15,"Papillon/Falene; sociable e inteligente, fácil de entrenar."
1,Spaniel Japones,10,14,"‘Japanese Chin’; tranquilo, cariñoso y algo independiente."
1,Terrier ingles miniatura,12,14,Elegante y ágil; requiere ejercicio moderado y socialización.
1,Yorkshire Terrier,12,14,"Terrier compacto, valiente; pelaje largo que necesita mantenimiento."
1,Affenpinscher,12,14,Carácter vivaz y seguro; manto áspero y cara ‘de mono’.
1,Basset leonado de Bretana,12,14,"Sabueso robusto, gran olfato; necesita caminatas diarias."
1,Bedlington terrier,12,14,"Aspecto de ‘cordero’; activo, atlético y buen compañero familiar."
1,Bichon Frise,12,15,Alegre y sociable; manto blanco rizado hipoalergénico para algunos.
1,Bichon habanero,13,15,Juguetón y adaptable; buen perro para familias y pisos.
1,Border terrier,12,15,Trabajador y resistente; necesita actividad y enriquecimiento.
1,Boston Terrier,11,13,"Sociable y amistoso; hocico corto, sensible al calor."
1,Braco de Auvernia,12,14,Braco francés de caza; necesita ejercicio y adiestramiento constante.
1,Bull terrier,10,14,Fuerte y leal; requiere manejo firme y socialización temprana.
1,Cairn Terrier,12,15,Terrier rústico y curioso; buen temperamento para familias activas.
1,Carlino,12,15,‘Pug’; cariñoso y simpático; vigilar respiración y sobrepeso.
1,Cavalier King Charles,9,15,Dulce y apegado; requiere cuidado cardíaco preventivo.
1,Coton de Tulear,14,16,Manto algodonoso; muy sociable y adaptable.
1,Dandie Dinmont Terrier,12,14,Terrier bajo y robusto; valiente y afectuoso.
1,Fox terrier de pelo duro,12,15,Enérgico y cazador; precisa ejercicio y estimulación mental.
1,Fox Terrier de Pelo Liso,12,15,Similar al de pelo duro; atlético y tenaz.
1,Grifon Belga,12,15,Sensible y leal; buen perro de compañía atento.
1,Grifon de Bruselas,12,15,Carácter divertido y expresivo; requiere socialización amable.
1,Italian Greyhound,12,15,"Galgo mini; delicado con frío, muy cariñoso y veloz."
1,Jack Russell Terrier,12,15,Altísima energía e inteligencia; necesita trabajo y juego diario.
1,Jagd Terrier,12,15,"Terrier de caza alemán; activo, valiente y enfocado."
1,Japanese Spitz,10,14,Spitz blanco de buen carácter; fácil de adiestrar.
1,King Charles spaniel,10,14,"‘English Toy Spaniel’; afectuoso y calmado, ideal para interior."
1,Lakeland Terrier,12,15,"Terrier británico; independiente, necesita ejercicio regular."
1,Lhasa Apso,12,15,Vigilante y reservado con extraños; abundante pelaje.
1,Lundehund noruego,12,15,"Raza nórdica muy flexible; dedos extra, ágil y curioso."
1,Miniature Pinscher,12,16,"‘Pinscher mini’; alerta, vivaz y seguro de sí."
1,Mudi,12,14,Pastor húngaro versátil; muy activo y obediente.
1,Parson Russell Terrier,12,15,Similar al Jack Russell; gran instinto de caza y salto.
1,Pastor de los Pirineos,12,15,Pastor ágil y trabajador; necesita actividad diaria.
1,Pastor de los Pirineos de Cara Rasa,12,15,"Variedad de pelo liso; leal, rápido y enérgico."
1,Pastor de Shetland,12,14,Inteligente y sensible; excelente en obediencia y agility.
1,Pekines,12,15,"Leal y algo independiente; hocico corto, evitar calor excesivo."
1,Pequeno perro leon,12,14,"‘Löwchen’; alegre y sociable, manto largo y abundante."
1,Perro de Granja Danes y Sueco,12,15,Perro polivalente de granja; activo y amistoso.
1,Podenco portugues,12,14,"Tres tallas; cazador veloz y resistente, muy atento."
1,Pumi,12,14,Pastor húngaro rizado; muy enérgico e inteligente.
1,Ratonero Holandes,12,14,Terrier/ratonero activo; necesita ejercicio y socializacion.
1,Schipperke,13,15,"Spitz belga sin cola; vigilante, curioso y agil."
1,Schnauzer Miniatura,12,14,"Alerta y leal; manto duro, requiere cepillado y stripping."
1,Shiba Inu,12,13,Independiente y limpio; necesita ejercicio y adiestramiento consistente.
1,Shih tzu,9,16,"Cariñoso y familiar; pelaje largo, requiere mantenimiento."
1,Skye terrier,12,14,Terrier alargado y bajo; leal y valiente.
1,Spaniel tibetano,12,15,Perro de compania atento; equilibrado y afectuoso.
1,Teckel,12,16,"‘Dachshund’; vivaz, instinto de caza; cuidar espalda."
1,Terrier Australiano,12,15,Valiente y alerta; buen companero activo.
1,Terrier Brasileno,12,14,"‘Terrier Brasileiro’; agil, sociable y jugueton."
1,Terrier checo,12,15,"‘Cesky Terrier’; tranquilo, adaptable y cazador."
1,Terrier de Manchester,12,16,Elegante y agil; instinto de presa moderado.
1,Terrier de Norfolk,12,15,Pequeno terrier amistoso y trabajador.
1,Terrier de Norwich,12,15,"Robusto, sociable y curioso."
1,Terrier de Sealyham,12,14,Terrier fuerte y bajo; calmado en el hogar.
1,Terrier Escocés (Scottish Terrier),12,15,"‘Scottie’; independiente, valiente; manto duro."
1,Terrier Japonés (Nihon Teria),12,14,"Pequeno terrier de compania, activo y afectuoso."
1,Vallhund Sueco,12,14,Perro vikingo tipo ‘corgi’ nordico; trabajador y leal.
1,Volpino Italiano,12,15,"Spitz italiano; vivaz, buen vigilante casero."
1,Welsh Terrier,12,15,Terrier equilibrado; necesita actividad y grooming regular.
1,West Highland White Terrier (Westie),12,15,‘Westie’; alegre y seguro; manto blanco duro.
1,Whippet,12,15,"Galgo mediano, muy rapido; tranquilo en casa."
1,Shar Pei,8,12,Piel arrugada; cuidar piel y ojos; independiente.
1,Airedale Terrier,10,13,‘Rey de los terriers’; activo e inteligente.
1,Alaskan Malamute,10,12,"Tiron de trineo; fuerte, requiere mucho ejercicio."
1,American Cocker Spaniel,12,15,"Spaniel de caza estadounidense, más pequeño que el inglés. Cabeza redondeada, orejas largas y pelaje sedoso, abundante y en variedad de colores. Alegre, sociable y cariñoso."
1,American Staffordshire Terrier,12,14,"Perro musculoso y compacto, de hocico ancho y fuerte mandíbula. Pelaje corto y brillante en múltiples colores. Valiente, leal y protector."
1,Ariegeois,12,13,"Sabueso francés ágil y ligero. Pelaje corto, blanco con manchas negras y a veces marcas fuego. Orejas largas y caídas. Buen rastreador, dócil y sociable."
1,Australian Stumpy Tail Cattle Dog,12,15,"Perro pastor australiano de cuerpo robusto. Cola naturalmente corta (stumpy). Pelaje corto y denso, moteado azul o rojo. Muy activo, trabajador y enérgico."
1,Barbet,12,14,"Perro de agua francés, de cuerpo compacto y musculoso. Pelaje rizado y lanoso, en negro, marrón, gris o blanco. Excelente nadador y perro de compañía."
1,Basenji,12,14,"Perro africano conocido como “el perro que no ladra”. Cuerpo ágil y elegante, orejas erguidas y cola enroscada. Pelaje corto y fino en varios colores. Independiente, inteligente y curioso."
1,Basset Artesiano de Normandía,12,14,"Basset francés de cuerpo alargado y patas cortas. Pelaje corto y denso, tricolor (blanco, negro y fuego) o bicolor (limón y blanco). Alegre, resistente y buen cazador."
1,Basset Azul de Gascuña,11,13,"Perro francés de orejas largas y cuerpo alargado. Pelaje corto, moteado azul con manchas negras y marcas fuego. Buen rastreador, sociable y amistoso."
1,Beagle,12,15,"Sabueso británico compacto y musculoso. Pelaje corto y denso, tricolor (negro, blanco y fuego) o bicolor. Alegre, sociable y con gran olfato."
1,Beagle-Harrier,12,14,"Raza francesa, mezcla entre Beagle y Harrier. Cuerpo robusto y atlético. Pelaje corto, tricolor típico de los sabuesos. Buen cazador, activo y equilibrado."
1,Bearded Collie,12,14,"Perro pastor escocés, ágil y trabajador. Pelaje largo, abundante y desgreñado, en gris, negro, azul o marrón con blanco. Alegre, vivaz y muy sociable."
1,"Belgian Shepherd Dog (Pastor Belga, todas variedades)",12,14,"Perro pastor belga, con cuatro variedades (Malinois, Groenendael, Tervueren y Laekenois). Cuerpo atlético y elegante, pelaje variable según variedad. Muy inteligente, obediente y protector."
1,Boyero de Appenzell,12,14,"Boyero suizo de tamaño intermedio. Pelaje corto, denso y tricolor (negro, blanco y fuego). Cuerpo compacto y ágil. Enérgico, trabajador y vigilante."
1,Boyero de Entlebuch,11,13,"El más pequeño de los boyeros suizos. Cuerpo alargado, pelaje corto y tricolor. Activo, inteligente y excelente perro de trabajo."
1,Boyero de las Ardenas,11,13,"Perro pastor belga rústico y poco común. Pelaje áspero y denso, generalmente en tonos grises o leonados. Fuerte, enérgico y protector."
1,Braco de Ariège,12,14,"Perro de muestra francés, robusto y elegante. Pelaje corto y fino, blanco moteado con manchas naranjas o castañas. Cabeza alargada y orejas largas. Noble, enérgico y obediente."
1,Braco de Saint Germain,12,14,"Braco francés, de cuerpo armonioso y fuerte. Pelaje corto y fino, blanco con manchas naranjas. Reconocido por su elegancia. Sereno, equilibrado y buen cazador."
1,Braco del Borbonesado,12,14,"Antigua raza francesa de muestra. Cuerpo atlético y musculoso. Pelaje corto, blanco con manchas castañas o naranjas. Muy resistente y trabajador."
1,Braco Francés Tipo Pirineos,12,14,"Variedad ligera y ágil del braco francés. Pelaje corto, blanco con manchas marrones. De constitución más pequeña que otros bracos. Muy activo y obediente."
1,Braco Húngaro de Pelo Corto (Vizsla),12,14,"Perro de caza húngaro elegante y atlético. Pelaje corto y rojizo dorado. Ojos y nariz en tonos avellana. Leal, cariñoso y enérgico."
1,Briquet Griffon Vendeano,12,14,"Sabueso francés de caza. Cuerpo fuerte y ágil, pelaje duro y desordenado, en colores blanco con negro, naranja o leonado. Resistente, alegre y valiente."
1,Buhund Noruego,12,15,"Perro pastor nórdico, de cuerpo compacto y ágil. Pelaje doble y espeso, de color trigo o negro. Orejas erguidas y cola enroscada. Muy trabajador, fiel y enérgico."
1,Bulldog Francés,10,12,"Perro compacto y musculoso, con orejas grandes en forma de murciélago. Pelaje corto, liso y brillante en varios colores (atigrado, blanco, crema). Sociable y juguetón."
1,Bulldog Inglés,8,10,"Perro británico, bajo y robusto. Cabeza grande con arrugas, hocico chato. Pelaje corto en varios colores (blanco, leonado, atigrado). Cariñoso y tranquilo."
1,Caniche (Poodle),12,15,"Perro elegante y atlético, de pelo rizado y denso, en varios colores (blanco, negro, gris, marrón, albaricoque). Inteligente, sociable y muy activo."
1,Cazador de Alces Noruego (Elkhound Noruego),12,14,"Perro de caza nórdico, robusto y musculoso. Pelaje espeso y doble, gris con tonos negros. Orejas erectas y cola enroscada. Valiente, leal y enérgico."
1,Chow Chow,9,12,"Perro robusto y compacto, famoso por su lengua azulada. Pelaje abundante y esponjoso, en colores rojo, crema, negro o azul. Digno, independiente y protector."
1,Cirneco del Etna,12,14,"Galgo siciliano de caza, esbelto y ágil. Pelaje corto y fino, color arena o rojo. Orejas grandes y puntiagudas. Muy rápido, resistente y afectuoso."
1,Cocker ingles,12,15,"Perro compacto, orejas largas y peludas, pelaje sedoso, cola generalmente recortada"
1,Collie de Pelo Corto,8,12,"Cuerpo atlético, cabeza refinada, pelaje relativamente corto en comparación con el collie de pelo largo"
1,Collie de pelo largo,8,12,"Pelaje largo y abundante, cola peluda, melena abundante en el cuello, estructura elegante"
1,Dachsbracke de los Alpes,12,14,"Cuerpo alargado, patas cortas, pelo denso corto, orejas colgantes, aspecto robusto para trabajo de caza"
1,Drever,12,14,"Cuerpo largo, patas cortas, pelaje corto, orejas colgantes, cola larga, puede tener varios colores con marcas blancas "
1,Doberman,10,12,"Apariencia elegante y potente, cuerpo atlético, orejas a menudo recortadas (aunque en muchos países prohibido), pelaje corto y brillante, cabeza alargada"
1,Eurasier,12,14,"Es un perro compacto, bien equilibrado, pelo abundante, orejas erguidas moderadas, cola poblada que se curvan sobre la espalda. Su aspecto combina rasgos de Spitz y perros tipo “nórdico”."
1,Field spaniel,10,14,"Cuerpo de proporciones moderadas, orejas largas colgantes, pelaje sedoso algo ondulado, cabeza noble y expresiva, pelaje generalmente en colores sólidos o con marcas ligeras."
1,Foxhound Americano,10,13,"Es un sabueso atlético: cuerpo fuerte pero elegante, musculado, patas largas, orejas largas colgantes, pelaje corto y denso, colores variados (tricolor, bicolor, moteado)."
1,Gascon Saintongeois,10,12,"Sabueso elegante, orejas largas y delgadas, cuerpo esbelto pero resistente, pelaje corto con colores blancos con manchas grises, negras o fuego, aspecto armonioso."
1,Gran Basset Grifon Vendeano,10,12,"Tipo “basset” (piernas cortas), cuerpo largo, orejas grandes y colgantes, ojos expresivos, pelaje áspero/grifo, aspecto robusto para caza."
1,Grifon azul de Gascuna,10,12,"Sabueso de aspecto clásico, pelaje áspero (grifón) que puede dar un tono “azulado” por mezcla de pelos claros y oscuros, orejas colgantes, constitución atlética."
1,Grifon de muestra de pelo duro,10,13,"Perro de muestra usado en caza, pelaje duro, aspecto rústico, orejas colgantes generalmente, musculatura marcada, buena resistencia al clima."
1,Grifon de muestra eslovaco de pelo duro,12,14,"Raza de muestra eslovaca, pelo áspero, cuerpo bien proporcionado, orejas colgantes moderadas, buen físico de caza en terreno variado."
1,Grifon leonado de Bretana,12,14,"Pelaje leonado (fauve), áspero, cuerpo bien equilibrado para caza, orejas colgantes, expresión vivaz, compacto y resistente."
1,Grifon nivernais,10,12,"Tipo de sabueso francés, pelaje áspero, constitución robusta, orejas largas colgantes, alto olfato, usado en caza mayor tradicional."
1,Harrier,12,15,"Sabueso de tamaño medio, cuerpo atlético, patas largas, orejas caídas, pelaje corto tricolor (blanco, negro y fuego). Se parece a un Beagle más grande."
1,Hokkaido,12,15,"Perro japonés robusto, de constitución fuerte, pelaje doble y espeso, orejas triangulares erguidas, cola enroscada. Resistente al clima frío."
1,Jindo Coreano,12,15,"De tamaño medio, cuerpo musculoso y proporcionado, orejas erguidas, cola enroscada sobre la espalda, pelaje denso (colores blanco, crema, rojo o atigrado). Aspecto similar a un Spitz."
1,Kai,12,15,"Perro japonés raro y antiguo, mediano, pelaje corto o semilargo con patrón atigrado característico (brindle), orejas erguidas, cola curvada. Atlético y ágil."
1,Kelpie Australiano,10,13,"Pastor mediano, muy musculoso y ligero, pelaje corto y duro en colores negro, rojo o marrón, orejas erguidas, mirada vivaz. Destaca por su energía."
1,Kerry Blue Terrier,13,15,"Perro compacto y musculoso, pelaje ondulado de textura suave y sedosa, color azul-grisáceo característico, orejas en forma de “V” caídas hacia delante."
1,Kishu,12,15,"Raza japonesa, cuerpo fuerte y equilibrado, pelaje corto y denso, orejas triangulares erguidas, cola enroscada sobre la espalda. Colores comunes: blanco, rojo, sésamo."
1,Kooikerhondje,12,15,"Spaniel holandés de proporciones casi cuadradas, pelaje semilargo blanco con manchas anaranjadas, orejas con “pendientes” negros en la punta, expresión vivaz."
1,Kromfohrlander,13,15,"Perro de tamaño medio, existen variedades de pelo liso y pelo áspero (este con barba característica), color blanco con manchas marrones, orejas semicaídas."
1,Lagotto romagnolo,15,17,"Raza italiana robusta, pelaje rizado y lanoso (parecido al de un caniche), hocico con barba, orejas medianas caídas, colores variados: blanco, marrón, crema o combinados."
1,Laika del este siberiano,12,15,"Perro de tipo Spitz de Rusia, robusto, pelaje doble muy denso, orejas triangulares erguidas, cola enroscada. Colores variados: negro, gris, blanco, rojo. Criado para caza mayor y trabajo en clima extremo."
1,Laika del Oeste Siberiano,12,14,"Similar a otros laikas, de constitución fuerte, pelaje espeso y resistente al frío, orejas erguidas, cola enroscada sobre la espalda. Muy usado como perro de caza en Siberia."
1,Laika ruso-europeo,12,14,"Perro tipo Spitz de tamaño medio, pelaje abundante bicolor (blanco y negro), orejas erguidas, cola enroscada. Físicamente similar al husky pero más compacto."
1,Nova Scotia Duck Tolling Retriever,12,14,"Retriever más pequeño de la familia, cuerpo compacto y musculoso, pelaje doble de longitud media, rojo o naranja con marcas blancas, orejas caídas medianas, expresión vivaz."
1,Pastor australiano,12,15,"Raza muy activa, cuerpo ágil y musculoso, pelaje medio-largo y denso, colores: merlé azul, rojo, negro o tricolor, orejas triangulares caídas. Cola puede ser corta natural."
1,Pastor Bergamasco,12,15,"Perro italiano de pastoreo, muy robusto, con pelaje largo que forma mechones o cordones (similar a rastas), capa protectora contra el clima, orejas colgantes, expresión noble."
1,Pastor catalan,12,14,"Perro de pastoreo español, cuerpo fuerte y ágil, pelaje largo y abundante, liso u ondulado, colores variados (arena, gris, negro), orejas caídas."
1,Pastor Croata,12,14,"Raza de Croacia, cuerpo ligero y ágil, pelaje rizado o ondulado de color negro, orejas medianas caídas, mirada vivaz. Excelente perro de trabajo."
1,Pastor de Karst,11,13,"Raza eslovena, de constitución poderosa, pelaje largo y denso de color gris, expresión seria, orejas caídas, cola tupida. Utilizado como perro guardián y de pastoreo."
1,Pastor de Picardia,12,14,"Raza francesa, aspecto rústico, pelaje duro y desgreñado, orejas grandes erguidas, cuerpo atlético, expresión alerta y simpática."
1,Pastor Islandes,12,14,"Perro de pastoreo originario de Islandia, tipo Spitz, cuerpo compacto, pelaje doble abundante (corto o largo), orejas erguidas, cola enroscada. Colores variados con marcas blancas."
1,Pastor Lapon,12,15,"Raza nórdica de Finlandia, cuerpo fuerte pero ágil, pelaje largo y denso, orejas erguidas o semi-erguidas, cola peluda curvada. Colores variados."
1,Pastor polaco de las llanuras,12,14,"Perro de pastoreo robusto, cuerpo cuadrado, pelaje largo y denso que cubre los ojos, expresión vivaz, orejas medianas colgantes."
1,Pastor Portugues,12,14,"Perro de pastoreo de Portugal, cuerpo fuerte y rústico, pelaje largo, áspero y desgreñado, orejas triangulares caídas, expresión alerta."
1,Pequeno Basset Grifon Vendeano,12,14,"Perro francés de caza, cuerpo alargado, patas cortas, pelaje áspero y desordenado, orejas largas colgantes, expresión alegre."
1,Pequeno munsterlander,12,14,"Perro de caza versátil, cuerpo atlético y ágil, pelaje semilargo, liso o ligeramente ondulado, de color marrón y blanco moteado o con parches, orejas caídas."
1,Pequeno Sabueso Azul de Gascuna,12,14,"Sabueso francés, elegante, de cuerpo alargado, pelaje corto azulado (mezcla de pelos blancos y negros), orejas largas y finas colgantes."
1,Pequeno Sabueso Suizo,12,14,"Sabueso compacto, cuerpo alargado, patas relativamente cortas, pelaje corto y fino, puede presentarse en variantes de color (blanco-naranja, tricolor, negro-fuego)."
1,Perdiguero aleman,12,14,"Perro de caza alemán, cuerpo musculoso, pelaje largo, ondulado y espeso, generalmente marrón sólido o marrón con marcas blancas. Orejas largas colgantes."
1,Perdiguero frison,13,14,"Raza rara de los Países Bajos, cuerpo fuerte y proporcionado, pelaje semilargo liso (blanco con manchas negras o marrones), orejas caídas con flecos."
1,Perdiguero portugues,12,14,"Perro de muestra portugués, cuerpo proporcionado y musculoso, pelaje corto y denso de color leonado o amarillento, orejas largas y caídas, expresión noble."
1,Perro de agua americano,12,15,"Spaniel de caza, pelaje rizado u ondulado, marrón sólido (chocolate, hígado), orejas largas con pelo rizado, cuerpo atlético y compacto."
1,Perro de agua espanol,10,14,"Raza española de trabajo, pelaje rizado y lanoso (similar a un caniche), colores variados (blanco, marrón, negro o bicolor), orejas medianas colgantes, cuerpo robusto."
1,Perro de agua irlandes,10,12,"Spaniel de pelaje rizado y denso de color hígado oscuro, cuerpo fuerte, cola característica en forma de “rata” (casi sin pelo), orejas largas y cubiertas de rizos."
1,Perro de Agua Portugues,11,13,"Perro robusto, pelaje rizado u ondulado, colores negro, blanco o marrón, orejas caídas, muy utilizado históricamente en barcos de pesca."
1,Perro de Canaan,112,15,"Raza israelí de constitución robusta, pelaje doble corto y áspero, orejas triangulares erguidas, cola enroscada sobre la espalda, expresión alerta. Colores variados: blanco, crema, negro, bicolor."
1,Perro de Caza Polaco,12,14,"Perro de caza polaco, cuerpo musculoso y ágil, pelaje corto y denso de color negro y fuego, orejas medianas colgantes, aspecto elegante y fuerte."
1,Perro de Osos de Carelia,10,13,"Raza finlandesa de caza mayor, cuerpo fuerte y compacto, pelaje negro con marcas blancas, orejas triangulares erguidas, cola curvada. Valiente y enérgico."
1,Perro de Taiwan,12,15,"Perro nativo de Taiwán, cuerpo ligero y atlético, pelaje corto y fino, orejas erguidas, cola curvada. Colores comunes: negro, atigrado, marrón."
1,Perro Finlandes de Laponia,12,14,"Raza nórdica de pastoreo, cuerpo robusto, pelaje largo y denso resistente al frío, orejas triangulares erguidas o semicaídas, cola tupida y curvada sobre la espalda."
1,Perro sin Pelo Mexicano (Xoloitzcuintle),12,14,"Raza prehispánica mexicana, cuerpo esbelto y elegante, sin pelo (aunque existe variedad con pelo corto), piel oscura o en tonos grises/rojizos, orejas grandes y erguidas."
1,Perro Sueco de Laponia (Swedish Lapphund),12,14,"Raza nórdica de pastoreo, cuerpo compacto, pelaje largo y abundante, orejas erguidas, cola peluda curvada. Suele ser negro con marcas blancas."
1,Perro Tailandés con Cresta (Thai Ridgeback),12,13,"Raza tailandesa atlética, pelaje corto con una cresta de pelo que crece en dirección opuesta a lo largo de la espalda, orejas erguidas, cola recta, colores sólidos (azul, negro, rojo, crema)."
1,Pinscher Alemán (Deutscher Pinscher),12,14,"Perro elegante y musculoso, pelaje corto y brillante, orejas erguidas o semicaídas, colores negro y fuego o marrón rojizo. Similar al Doberman pero más pequeño."
1,Pinscher Austriaco (Austrian Pinscher),12,14,"Cuerpo robusto y compacto, pelaje corto y denso, color amarillo-trigo o rojo con marcas blancas, orejas semierguidas o en forma de botón, expresión vivaz."
1,Podenco Ibicenco (Ibizan Hound),12,14,"Perro de caza esbelto y atlético, patas largas, orejas muy grandes y erguidas, pelaje corto o duro (según variedad), colores blanco, rojo o combinados. Muy ágil y veloz."
1,Porcelaine,12,13,"Sabueso francés elegante, cuerpo fino y musculoso, pelaje corto, blanco con motas anaranjadas, orejas largas y delgadas caídas. Aspecto refinado."
1,Puli,12,16,"Pastor húngaro de aspecto inconfundible: pelaje largo en forma de cordones o rastas, cuerpo compacto, orejas colgantes, expresión vivaz. Suele ser negro, aunque hay variantes blancas y grises."
1,Sabueso Austriaco Negro y Fuego (Brandlbracke),12,14,"Sabueso de caza, cuerpo fuerte, pelaje corto negro con marcas color fuego, orejas largas caídas, expresión alerta. Muy resistente."
1,Sabueso Bosnio de Pelo Duro (Barak),12,14,"Cuerpo robusto, pelaje áspero y duro (tipo alambre), de colores marrón, gris o trigo con combinaciones, orejas medianas caídas, expresión rústica."
1,Sabueso de Halden (Haldenstøver),12,14,"Raza noruega de caza, cuerpo robusto y alargado, pelaje corto tricolor (negro, blanco y fuego), orejas largas caídas, expresión noble. Similar al sabueso americano."
1,Sabueso de Hannover (Hannoverscher Schweisshund),10,14,"Sabueso alemán especializado en rastreo de sangre, cuerpo fuerte y musculoso, pelaje corto y denso de color rojo cervato, orejas largas y pesadas."
1,Sabueso de Hygen (Hygenhund),10,13,"Perro de caza noruego, cuerpo compacto, pelaje corto en tonos rojo, marrón o tricolor, orejas largas colgantes, muy resistente y trabajador."
1,Sabueso de Istria de Pelo Corto,12,14,"Sabueso croata, cuerpo elegante y ágil, pelaje corto y blanco con marcas naranjas, orejas largas caídas, expresión refinada."
1,Sabueso de Istria de Pelo Duro,12,14,"Variante croata de pelo áspero, cuerpo fuerte, pelaje duro blanco con marcas anaranjadas, orejas largas colgantes, aspecto rústico y resistente."
1,Sabueso de Montaña de Montenegro (Crnogorski Planinski Goni?),12,14,"Sabueso balcánico, cuerpo robusto y ágil, pelaje corto negro con marcas fuego, orejas largas colgantes, expresión seria. Criado para caza en terrenos montañosos."
1,Sabueso de Posavatz (Posavac Hound),12,14,"Raza croata, cuerpo alargado y fuerte, pelaje corto y denso color rojo-trigo con marcas blancas, orejas largas caídas. Muy apreciado en caza menor."
1,Sabueso de Sangre de Baviera (Bayerischer Gebirgsschweißhund),10,14,"Sabueso alemán especializado en rastreo de piezas heridas, cuerpo musculoso, pelaje corto rojizo, orejas largas pesadas, expresión noble."
1,Sabueso de Schiller (Schillerstövare),12,14,"Sabueso sueco, cuerpo estilizado, pelaje corto tricolor (negro con fuego y pecho blanco), orejas caídas, expresión alerta y elegante."
1,Sabueso de Småland (Smålandsstövare),12,14,"Raza sueca de caza, cuerpo compacto, pelaje corto negro con marcas fuego, orejas caídas. Es el más pequeño de los sabuesos suecos."
1,Sabueso de Westfalia (Westfälische Dachsbracke),12,14,"Raza alemana tipo sabueso con cuerpo alargado y patas cortas, pelaje corto tricolor (blanco, negro y fuego), orejas largas caídas, expresión vivaz."
1,Sabueso del Tirol (Tiroler Bracke),12,141,"Perro austríaco de caza, cuerpo fuerte y ágil, pelaje corto y denso, colores negro-fuego o rojo cervato, orejas largas caídas, muy resistente en montaña."
1,Sabueso Eslovaco (Slovenský Kopov),12,13,"Raza nacional de Eslovaquia, sabueso de caza de color negro con marcas fuego, cuerpo ágil y musculoso, orejas medianas caídas. Valiente y buen rastreador."
1,Sabueso Español (Sabueso Español),10,12,"Raza ibérica de caza mayor, cuerpo robusto y fuerte, pelaje corto blanco con manchas marrones o naranjas, orejas largas y colgantes. Excelente olfato."
1,Sabueso Estirio de Pelo Duro (Steirische Rauhhaarbracke),10,14,"Sabueso austríaco, cuerpo robusto, pelaje áspero y duro de color rojo o cervato, orejas medianas caídas. Especializado en caza en terrenos difíciles."
1,Sabueso Finlandés (Suomenajokoira),12,14,"Raza nacional de Finlandia, sabueso de cuerpo fuerte y elegante, pelaje corto tricolor (negro, fuego y blanco), orejas largas caídas. Gran resistencia al frío."
1,Sabueso Griego (Hellinikós Ichnilátis),11,13,"Perro de caza griego, cuerpo delgado y ágil, pelaje corto negro con marcas fuego, orejas largas caídas. Muy resistente en terrenos montañosos."
1,Sabueso Italiano de Pelo Corto (Segugio Italiano a Pelo Raso),11,13,"Sabueso italiano, cuerpo alargado y esbelto, pelaje corto y fino de color cervato o negro-fuego, orejas largas y finas, expresión elegante."
1,Sabueso Italiano de Pelo Duro (Segugio Italiano a Pelo Forte),11,13,"Variante italiana con pelaje áspero y duro, cuerpo atlético, colores similares al de pelo corto (cervato o negro-fuego), orejas largas caídas."
1,Sabueso Noruego (Norwegian Hound / Dunker),12,13,"Sabueso de Noruega, cuerpo robusto y atlético, pelaje corto moteado azul-grisáceo con negro y fuego, orejas largas caídas. Muy usado en caza menor."
1,Sabueso Serbio (Srpski Goni?),12,14,"Sabueso de los Balcanes, cuerpo alargado y fuerte, pelaje corto rojo con silla de color negro, orejas largas colgantes, expresión vivaz."
1,Sabueso Suizo (Schweizer Laufhund),12,14,"Raza suiza de caza, de cuerpo elegante y ágil, pelaje corto, existen variedades de color (tricolor, blanco-naranja, negro-fuego), orejas muy largas y finas."
1,Sabueso Tricolor Serbio (Srpski Trobojni Goni?),12,14,"Variante serbia de pelaje tricolor (negro, fuego y blanco), cuerpo compacto y musculoso, orejas medianas caídas. Raza resistente de caza."
1,Saluki,12,14,"Galgo oriental de aspecto elegante y refinado, cuerpo delgado y alto, pelaje corto con flecos en orejas y cola, colores variados (arena, crema, blanco, negro). Muy veloz."
1,Samoyedo (Samoyed),12,14,"Raza nórdica de trabajo, pelaje largo, espeso y blanco puro, expresión característica de “sonrisa”, cuerpo fuerte y elegante, orejas triangulares erguidas, cola curvada sobre la espalda."
1,Schapendoes Neerlandés,12,14,"Pastor holandés de cuerpo ágil, cubierto por un pelaje largo, abundante y ondulado, que le da un aspecto desaliñado. Orejas medianas caídas y cola peluda en movimiento constante."
1,Schnauzer (mediano),13,16,"Perro robusto y compacto, pelaje duro y áspero, barba y cejas características, colores negro o sal y pimienta. Orejas erectas o semicaídas según el corte."
1,Setter Inglés,11,15,"Perro elegante de caza, cuerpo atlético, pelaje largo, sedoso y con flecos, de color blanco con manchas o moteado (belton). Orejas largas colgantes."
1,Setter Irlandés,12,15,"Perro de caza muy activo, cuerpo estilizado, pelaje largo y liso de color rojo caoba brillante, orejas largas colgantes, expresión noble y vivaz."
1,Setter Irlandés Rojo y Blanco,11,15,"Similar al Setter Irlandés, pero con pelaje blanco con manchas rojas, largo y sedoso, cuerpo atlético, orejas caídas, expresión alerta."
1,Shikoku (Shikoku Inu),12,15,"Raza japonesa de tipo Spitz, cuerpo atlético y bien proporcionado, pelaje doble y denso (colores sésamo, negro-sésamo o rojo-sésamo), orejas triangulares erguidas, cola enroscada sobre la espalda. Aspecto similar al Akita pero más pequeño."
1,Siberian Husky,12,14,"Perro nórdico de trabajo, pelaje doble espeso, colores variados (gris, negro, rojo con blanco), ojos azules o heterocromía, orejas erguidas, cola curvada. Muy enérgico."
1,Sloughi (Lebrel Árabe),12,14,"Galgo del norte de África, cuerpo esbelto y atlético, pelaje corto y fino, colores arena, leonado o atigrado, orejas caídas, expresión noble."
1,Spaniel Azul de Picardía,12,14,"Perro francés de caza, cuerpo robusto, pelaje largo y ondulado de color gris azulado con manchas negras, orejas largas y peludas, expresión dulce."
1,Spaniel Bretón (Epagneul Breton),12,14,"Spaniel francés, compacto y ágil, pelaje medio, blanco con manchas naranjas o marrones, orejas medianas caídas, mirada vivaz. Muy versátil en caza."
1,Spaniel de Pont-Audemer,12,14,"Spaniel francés raro, cuerpo fuerte, pelaje rizado y lanoso en color marrón o hígado, orejas largas cubiertas de rizos, aspecto rústico."
1,Spaniel Francés (Epagneul Français),12,14,"Perro de caza francés, cuerpo fuerte y elegante, pelaje largo y ondulado en marrón y blanco, orejas largas cubiertas de pelo. Muy versátil como perro de muestra."
1,Spitz Alemán (Deutscher Spitz),12,15,"Perro tipo Spitz, pelaje largo y abundante, orejas pequeñas y erguidas, cola curvada sobre la espalda. Colores variados: blanco, negro, naranja, crema."
1,Spitz de Norrbotten (Norrbottenspets),12,15,"Perro nórdico de caza sueco, cuerpo compacto, pelaje corto y denso blanco con manchas, orejas triangulares erguidas, cola curvada. Muy alerta y ágil."
1,Spitz Finlandés (Suomenpystykorva),12,15,"Raza nacional de Finlandia, cuerpo ligero y elegante, pelaje espeso color rojizo, orejas triangulares erguidas, cola curvada sobre la espalda. Usado como perro de caza."
1,Springer Spaniel Galés (Welsh Springer Spaniel),12,15,"Spaniel de caza británico, cuerpo compacto, pelaje sedoso de longitud media, color blanco con manchas rojas, orejas largas peludas. Energético y obediente."
1,Springer Spaniel Inglés (English Springer Spaniel),12,14,"Perro de caza versátil, cuerpo atlético, pelaje medio y ondulado, blanco con manchas negras o marrones, orejas largas caídas con flecos. Muy activo y obediente."
1,Staffordshire Bull Terrier,12,14,"Perro compacto y musculoso, cabeza ancha, hocico corto, orejas pequeñas semierguidas, pelaje corto y liso en varios colores (negro, atigrado, blanco, rojo). Conocido por su fuerza y cariño hacia las personas."
1,Sussex Spaniel,12,14,"Spaniel británico de cuerpo bajo y alargado, pelaje abundante, ondulado y de color hígado dorado, orejas largas caídas. De carácter tranquilo y leal."
1,Terrier Glen de Imaal Irlandés,12,15,"Terrier irlandés robusto, cuerpo alargado con patas cortas, pelaje duro y áspero en colores trigo, azul o atigrado, orejas semierguidas. Valiente y buen cazador."
1,Terrier Irlandés (Irish Terrier),12,15,"Perro elegante y ágil, pelaje duro y rojizo, hocico alargado con barba, orejas pequeñas en forma de “V”. De temperamento vivaz y valiente."
1,Terrier Irlandés de Pelo Suave (Soft Coated Wheaten Terrier),12,14,"Terrier irlandés de constitución fuerte, pelaje suave, largo y sedoso de color trigo, orejas pequeñas caídas hacia adelante. Expresión simpática y vivaz."
1,Terrier Tibetano,12,15,"Perro originario del Tíbet, cuerpo compacto, pelaje largo, denso y liso, variedad de colores, orejas caídas con flecos. Alegre y muy afectuoso."
1,Viringo Peruano (Perro sin Pelo del Perú),12,14,"Perro peruano de cuerpo esbelto, sin pelo (aunque existe variedad con pelo), piel en tonos grises, negros o rosados, orejas grandes erguidas. Elegante y antiguo."
1,Welsh Corgi Cardigan,12,15,"Cuerpo largo y bajo, patas cortas, pelaje doble de longitud media, orejas grandes y erguidas, cola larga. Colores variados con blanco."
1,Welsh Corgi Pembroke,12,15,"Similar al Cardigan pero más pequeño, cuerpo alargado y bajo, orejas erguidas, cola corta (a veces natural o cortada), pelaje denso en varios colores con blanco. Muy popular."
1,Akita (Akita Inu japonés),10,13,"Perro japonés robusto y poderoso, pelaje doble y espeso en colores rojo, blanco, sésamo o atigrado, orejas triangulares erguidas, cola gruesa enroscada sobre la espalda."
1,Akita Americano,10,13,"Similar al Akita japonés pero más grande y corpulento, cabeza ancha, pelaje doble denso en múltiples colores, orejas erguidas, cola enroscada. Muy protector."
1,Antiguo Perro de Muestra Danés (Old Danish Pointer),12,14,"Perro de caza robusto, cuerpo fuerte y cuadrado, pelaje corto blanco con manchas marrón-rojizas, orejas medianas caídas. De carácter tranquilo y estable."
1,Antiguo Perro de Pastor Inglés (Old English Sheepdog),10,12,"Pastor inglés de cuerpo macizo, pelaje largo, abundante y lanoso, colores gris, azul o blanco, orejas ocultas bajo el pelo. Famoso por su aspecto “despeinado”."
1,Aidi (Perro del Atlas),10,13,"Perro guardián originario de Marruecos, cuerpo fuerte y musculoso, pelaje espeso medio-largo de colores variados (blanco, negro, marrón), orejas medianas caídas. Valiente y protector."
1,Basset Hound,10,12,"Perro de patas cortas y cuerpo alargado, orejas muy largas y caídas, piel suelta con arrugas, pelaje corto tricolor (negro, blanco y fuego). Famoso por su olfato excepcional."
1,Billy,12,14,"Sabueso francés, cuerpo alto y elegante, pelaje corto blanco con ligeros tonos crema o naranja, orejas largas y finas. De aspecto distinguido."
1,Borzoi (Galgo Ruso),10,12,"Galgo de Rusia, cuerpo alto, esbelto y elegante, pelaje largo y sedoso ondulado, colores variados, cabeza estrecha, orejas pequeñas hacia atrás. Muy veloz."
1,Boyero de Flandes (Bouvier des Flandres),10,12,"Perro de trabajo belga, cuerpo robusto y poderoso, pelaje áspero y abundante en colores oscuros, barba y cejas prominentes, orejas semierguidas o cortadas."
1,Braco Italiano (Bracco Italiano),10,13,"Perro de muestra italiano, cuerpo fuerte y atlético, pelaje corto blanco con manchas naranjas o marrones, orejas largas caídas, expresión noble."
1,Braco Alemán de Pelo Corto (Deutsch Kurzhaar / German Shorthaired Pointer),12,14,"Perro de muestra alemán, cuerpo atlético y elegante, pelaje corto y denso en colores hígado, blanco con hígado o moteado. Orejas medianas caídas, mirada alerta."
1,Braco de Weimar (Weimaraner),10,13,"Perro de caza alemán, cuerpo estilizado y musculoso, pelaje corto y fino de color gris plateado, orejas largas caídas. Muy activo y elegante."
1,Braco Francés (tipo Gascuña),12,14,"Perro de muestra francés, cuerpo robusto, pelaje corto blanco con manchas marrones, orejas largas y caídas. Rústico y trabajador."
1,Briard,10,12,"Perro pastor francés, cuerpo fuerte, pelaje largo, ondulado y abundante (colores negro, cervato, gris), orejas caídas y cubiertas de pelo. Muy protector."
1,Boxer,10,12,"Perro alemán de constitución fuerte y atlética, hocico corto y cuadrado, pelaje corto y brillante en colores atigrado o leonado, orejas semicaídas o cortadas. Muy enérgico y leal."
1,Cane Corso,9,12,"Moloso italiano, cuerpo muy musculoso y poderoso, pelaje corto y brillante en negro, gris o leonado, cabeza grande con hocico ancho, orejas caídas o cortadas. Excelente guardián."
1,Cazador de Alces Sueco (Jämthund),12,13,"Perro nórdico sueco de caza mayor, cuerpo robusto, pelaje espeso grisáceo con máscara clara, orejas triangulares erguidas, cola curvada sobre la espalda."
1,Cesky Fousek (Bohemian Wirehaired Pointing Dog),12,14,"Perro de muestra checo, cuerpo robusto, pelaje áspero y duro color hígado con moteado gris, barba y cejas distintivas, orejas largas caídas."
1,Cimarrón Uruguayo,10,13,"Perro guardián y de trabajo uruguayo, cuerpo fuerte y rústico, pelaje corto atigrado o leonado, orejas medianas caídas, expresión valiente."
1,Clumber Spaniel,10,12,"Spaniel británico de caza, cuerpo pesado y bajo, pelaje denso blanco con manchas limón o naranjas, orejas largas peludas, expresión noble y tranquila."
1,Coonhound Negro y Fuego (Black and Tan Coonhound),10,12,"Perro de caza estadounidense, cuerpo musculoso, pelaje corto negro con marcas fuego, orejas muy largas y caídas, excelente olfato para rastrear."
1,Cuvac Eslovaco (Slovenský ?uva?),11,13,"Perro guardián de montaña, cuerpo fuerte, pelaje largo y espeso de color blanco puro, orejas medianas caídas, expresión noble y protectora."
1,Dogo Argentino,10,12,"Moloso argentino de caza mayor, cuerpo muy musculoso y atlético, pelaje corto y completamente blanco, cabeza grande, orejas semierguidas o cortadas. Valiente y leal."
1,Dogo de Mallorca (Ca de Bou / Perro de Presa Mallorquín),10,12,"Perro moloso español, cuerpo robusto y compacto, pelaje corto en colores leonado, atigrado o negro, cabeza ancha con mandíbula fuerte. Excelente guardián."
1,Dálmata,11,13,"Raza famosa por su pelaje corto blanco con manchas negras o hígado, cuerpo atlético y proporcionado, orejas medianas caídas. Muy activo y enérgico."
1,Espinone (Spinone Italiano),12,14,"Perro de muestra italiano, cuerpo robusto y fuerte, pelaje duro y áspero en colores blanco, naranja o marrón, barba y cejas pobladas, orejas largas caídas."
1,Fila de San Miguel (Cão de Fila de São Miguel),12,14,"Moloso portugués de las Azores, cuerpo musculoso y compacto, pelaje corto atigrado o leonado, orejas cortas y erguidas (a veces recortadas). Buen guardián de ganado."
1,Galgo Español (Spanish Greyhound),12,14,"Galgo ibérico, cuerpo esbelto y muy alto, pelaje corto o duro, colores variados, cabeza alargada, orejas caídas. Muy veloz, criado para la caza de liebres."
1,German Wirehaired Pointing Dog (Deutsch Drahthaar),12,14,"Perro de muestra alemán, cuerpo atlético, pelaje áspero e impermeable en hígado, blanco o moteado, barba y cejas prominentes, orejas medianas caídas."
1,Golden Retriever,12,14,"Perro de compañía y trabajo, cuerpo musculoso y equilibrado, pelaje largo, denso y ondulado de color dorado, orejas medianas caídas. Muy sociable y cariñoso."
1,Gran Boyero Suizo (Greater Swiss Mountain Dog),8,11,"Moloso de trabajo suizo, cuerpo muy robusto y musculoso, pelaje corto tricolor (negro, blanco y fuego), orejas medianas caídas, expresión noble."
1,Gran Grifón Vendeano (Grand Griffon Vendéen),11,13,"Sabueso francés de caza, cuerpo fuerte y alto, pelaje largo, áspero y desgreñado, orejas largas caídas. De carácter enérgico y valiente."
1,Gran Münsterländer (Large Münsterländer),12,14,"Perro de muestra alemán, cuerpo atlético, pelaje largo y denso en blanco con manchas negras, orejas largas peludas. Muy versátil en caza."
1,Gran Sabueso Anglo-Francés Blanco y Naranja,10,12,"Sabueso francés de caza mayor, cuerpo robusto, pelaje corto blanco con manchas naranjas, orejas largas y finas caídas. Raza de jauría."
1,Gran Sabueso Anglo-Francés Blanco y Negro,10,12,"Similar al anterior pero con pelaje corto blanco y negro con marcas fuego, cuerpo fuerte y elegante, orejas largas caídas."
1,Gran Sabueso Azul de Gascuña (Grand Bleu de Gascogne),10,12,"Sabueso francés de cuerpo robusto y elegante, pelaje corto moteado azul (mezcla de negro y blanco) con marcas fuego, orejas largas caídas."
1,Greyhound,10,14,"Galgo inglés, cuerpo muy esbelto y alto, pelaje corto en gran variedad de colores, cabeza estrecha, orejas pequeñas hacia atrás. El perro más veloz."
1,Grifón de Muestra de Pelo Duro (Wirehaired Pointing Griffon),12,14,"Perro de muestra de caza, cuerpo fuerte y atlético, pelaje duro y áspero de color gris con manchas marrones, barba y cejas pobladas."
1,Hovawart,10,14,"Perro alemán de trabajo, cuerpo poderoso y proporcionado, pelaje largo y abundante (negro, rubio o negro y fuego), orejas medianas caídas, expresión noble y vigilante."
1,Komondor,10,12,"Perro pastor húngaro inconfundible por su pelaje largo en forma de cordones (“dreadlocks”), cuerpo robusto, orejas medianas caídas. Criado como guardián de rebaños."
1,Kuvasz,10,12,"Pastor húngaro de cuerpo fuerte y elegante, pelaje largo, blanco y denso, orejas caídas, expresión noble. Protector y leal."
1,Labrador Retriever,10,12,"Uno de los perros más populares, cuerpo atlético, pelaje corto y denso en negro, chocolate o amarillo, orejas medianas caídas. Sociable y versátil."
1,Lebrel Afgano (Afghan Hound),12,14,"Galgo elegante y esbelto, pelaje muy largo, fino y sedoso, orejas largas cubiertas de pelo, expresión distinguida. Muy veloz."
1,Lebrel Escocés (Scottish Deerhound),8,11,"Galgo escocés, cuerpo alto y robusto, pelaje áspero y duro grisáceo, cabeza alargada, orejas pequeñas hacia atrás. Criado para caza de ciervos."
1,Lebrel Húngaro (Magyar Agár),12,14,"Galgo húngaro, cuerpo delgado y musculoso, pelaje corto y fino en varios colores, cabeza estrecha, orejas pequeñas semierguidas. Criado para carreras y caza."
1,Mastín del Alentejo (Rafeiro do Alentejo),10,13,"Perro guardián portugués, cuerpo muy robusto y poderoso, pelaje corto y denso en colores leonado, negro o atigrado, orejas medianas caídas. Protector de ganado."
1,Otterhound,10,12,"Perro inglés criado para caza de nutrias, cuerpo fuerte y grande, pelaje largo, áspero e impermeable, orejas largas y cubiertas de pelo, expresión simpática."
1,Pastor Alemán (German Shepherd Dog),9,13,"Una de las razas más conocidas, cuerpo musculoso y ágil, pelaje doble denso (negro y fuego, sable o negro sólido), orejas grandes erguidas, expresión inteligente."
1,Pastor Blanco Suizo,12,14,"Variante del Pastor Alemán reconocida como raza independiente, cuerpo atlético, pelaje largo o medio y completamente blanco, orejas erguidas, expresión noble y vigilante."
1,Pastor de Beauce (Beauceron),10,12,"Pastor francés, cuerpo fuerte y musculoso, pelaje corto negro con marcas fuego, orejas semierguidas o caídas, expresión seria. Muy protector y obediente."
1,Pastor de la Maremma y de los Abruzos (Maremmano-Abruzzese Sheepdog),11,13,"Perro guardián italiano, cuerpo robusto, pelaje largo y denso completamente blanco, orejas pequeñas caídas, expresión noble. Protector de ganado."
1,Pastor Holandés (Dutch Shepherd),11,14,"Pastor ágil y versátil, pelaje corto, largo o áspero, generalmente atigrado, orejas erguidas, cuerpo atlético. Excelente perro de trabajo."
1,Pastor Polaco de Podhale (Polski Owczarek Podhala?ski),10,12,"Pastor polaco de montaña, cuerpo muy fuerte, pelaje largo y espeso blanco, orejas medianas caídas. Protector de rebaños en zonas montañosas."
1,Pastor Rumano de los Cárpatos,12,14,"Pastor rumano, cuerpo poderoso, pelaje doble denso grisáceo con blanco, orejas medianas caídas. Famoso por su valentía y fidelidad."
1,Pastor Rumano de Mioritza,11,13,"Pastor rumano de montaña, cuerpo robusto, pelaje largo, abundante y lanoso, generalmente blanco o blanco con gris. Orejas medianas caídas, expresión vigilante."
1,Perdiguero de Burgos,12,14,"Perro de muestra español, cuerpo fuerte, pelaje corto y denso de color hígado y blanco, orejas largas caídas. Usado en caza menor."
1,Perdiguero de Drente (Drentsche Patrijshond),12,14,"Perro de caza neerlandés, cuerpo proporcionado, pelaje semilargo blanco con parches marrones, orejas largas peludas. Versátil y obediente."
1,Perro Crestado Rodesiano (Rhodesian Ridgeback),10,12,"Raza africana, cuerpo atlético y musculoso, pelaje corto rojizo con la característica cresta de pelo en el lomo. Orejas medianas caídas."
1,Perro de Agua Frisón (Wetterhoun),12,14,"Raza neerlandesa de caza y agua, cuerpo fuerte y compacto, pelaje rizado, impermeable, generalmente negro o marrón. Orejas medianas caídas."
1,Perro de Castro Laboreiro,10,12,"Perro guardián portugués, cuerpo fuerte y robusto, pelaje corto de tonos grises atigrados, orejas medianas caídas, expresión seria. Muy protector."
1,Perro de Groenlandia (Greenland Dog),12,14,"Perro nórdico de trineo, cuerpo musculoso y resistente, pelaje doble espeso en varios colores, orejas pequeñas erguidas, cola curvada sobre la espalda."
1,Perro de Muestra Alemán de Pelo Largo (Deutsch Langhaar),12,14,"Perro de caza alemán, cuerpo atlético, pelaje largo, denso y ondulado de color marrón o marrón con blanco. Orejas largas peludas."
1,Perro de Pastor Mallorquín (Ca de Bestiar),11,13,"Raza balear de pastoreo y guardia, cuerpo robusto, pelaje corto negro (a veces con manchas blancas), orejas medianas caídas, expresión seria."
1,Perro de San Huberto (Bloodhound),10,12,"Sabueso de rastreo, cuerpo grande y pesado, piel suelta con arrugas, orejas extremadamente largas, pelaje corto rojo, negro y fuego. Olfato excepcional."
1,Perro del Faraón (Pharaoh Hound),11,14,"Raza elegante originaria de Malta, cuerpo atlético y delgado, pelaje corto color rojizo, orejas grandes y erguidas, expresión vivaz. Destaca por su elegancia y velocidad."
1,Perro Lobo Checoslovaco (Czechoslovakian Wolfdog),12,16,"Híbrido de Pastor Alemán y lobo de los Cárpatos, cuerpo fuerte y ágil, pelaje gris plateado, orejas triangulares erguidas, mirada penetrante similar al lobo."
1,Perro Lobo de Saarloos (Saarloos Wolfdog),10,12,"Perro holandés con fuerte parecido al lobo, cuerpo robusto, pelaje doble gris o marrón, orejas erguidas, expresión seria. Criado como perro de compañía y trabajo."
1,Podenco Canario,11,13,"Raza de caza española, cuerpo esbelto, pelaje corto de color rojizo o arena, orejas muy grandes y erguidas. Muy ágil y rápido en terrenos rocosos."
1,Pointer Inglés,12,14,"Perro de muestra británico, cuerpo atlético y elegante, pelaje corto y fino en colores blanco con manchas negras, marrones o limones, orejas medianas caídas. Muy energético."
1,Poitevino (Chien de Poitevin),10,13,"Sabueso francés de caza, cuerpo alto y esbelto, pelaje corto tricolor (blanco, negro y fuego), orejas largas caídas. Muy veloz y resistente."
1,Presa Canario (Dogo Canario),9,11,"Moloso español, cuerpo muy musculoso y poderoso, pelaje corto atigrado o leonado, cabeza grande con hocico ancho, orejas medianas caídas. Excelente guardián."
1,Pudelpointer,12,14,"Perro de muestra alemán, resultado del cruce de Poodle y Pointer, cuerpo fuerte y ágil, pelaje áspero o denso en marrón, negro o hígado. Muy versátil en caza."
1,Retriever de la Bahía de Chesapeake (Chesapeake Bay Retriever),10,13,"Perro cobrador estadounidense, cuerpo robusto y musculoso, pelaje corto, espeso e impermeable de color marrón o caoba, orejas medianas caídas. Excelente nadador."
1,Retriever de Pelo Liso (Flat-Coated Retriever),8,10,"Retriever británico, cuerpo elegante y atlético, pelaje largo, liso y brillante de color negro o hígado, orejas medianas caídas, expresión alegre."
1,Retriever de Pelo Rizado (Curly-Coated Retriever),9,12,"Retriever inglés, cuerpo atlético y elegante, pelaje rizado y apretado en negro o marrón, orejas medianas caídas. Gran nadador y cobrador."
1,Sabueso Anglo-Francés Mediano (Anglo-Français de Petite Vénerie),12,14,"Sabueso de caza francés, cuerpo ágil y ligero, pelaje corto tricolor (blanco, negro y fuego), orejas largas caídas. Criado para caza menor."
1,Sabueso Artesiano (Ariegeois),11,13,"Sabueso francés, cuerpo elegante y delgado, pelaje corto blanco con manchas negras y fuego, orejas largas finas y caídas. Muy resistente en caza."
1,Sabueso Bavarés de Montaña (Bavarian Mountain Hound),10,13,"Perro de rastreo alemán, cuerpo musculoso, pelaje corto rojizo, orejas largas caídas. Excelente olfato para rastrear piezas heridas."
1,Sabueso de Artois (Chien d’Artois),12,14,"Sabueso francés, cuerpo robusto y compacto, pelaje corto tricolor (blanco, negro y fuego), orejas largas caídas. Muy apreciado en la caza de liebres."
1,Sabueso Francés Blanco y Negro (Grand Anglo-Français Blanc et Noir),10,12,"Sabueso francés de jauría, cuerpo robusto, pelaje corto blanco y negro con marcas fuego, orejas largas caídas. Muy resistente en la caza mayor."
1,Sabueso Francés Tricolor (Grand Anglo-Français Tricolore),10,12,"Similar al anterior, pero tricolor (blanco, negro y fuego). De cuerpo atlético, orejas largas y finas, criado para la caza en jauría."
1,Sabueso Polaco (Polski Ogar),11,13,"Sabueso de origen polaco, cuerpo fuerte, pelaje corto de color negro y fuego, orejas largas caídas. Muy apreciado como perro de rastreo."
1,Foxhound Inglés (English Foxhound),10,13,"Perro de caza inglés, cuerpo musculoso y resistente, pelaje corto tricolor (blanco, negro y fuego), orejas medianas caídas. Usado en caza de zorros en jauría."
1,Schnauzer Gigante (Riesenschnauzer),10,12,"Schnauzer alemán de mayor tamaño, cuerpo fuerte y compacto, pelaje duro y áspero, barba y cejas características, colores negro o sal y pimienta. Muy protector."
1,Setter Gordon,12,13,"Perro elegante de caza de origen escocés, pelaje largo y sedoso de color negro con marcas fuego. Cuerpo atlético, orejas caídas, expresión noble."
1,Spaniel Picardo (Épagneul Picard),12,14,"Spaniel francés de caza, cuerpo fuerte, pelaje ondulado gris moteado con marcas marrones. Orejas largas y peludas, mirada suave."
1,Terrier Negro de Rusia (Black Russian Terrier),10,12,"Perro imponente de origen ruso, criado para trabajo militar. Pelaje negro, denso y áspero, barba y bigote prominentes. Fuerte, protector y leal."
1,Vizsla de Pelo Duro (Wirehaired Vizsla),12,14,"Variante del vizsla húngaro con pelaje áspero y duro de color dorado. Cuerpo atlético, orejas caídas, mirada expresiva. Muy activo."
1,Bernese Mountain Dog (Boyero de Berna),7,10,"Perro suizo de montaña, cuerpo robusto, pelaje largo y tricolor (negro, blanco y fuego). Cabeza grande, orejas medianas, muy noble y familiar."
1,Broholmer,8,10,"Perro guardián danés, de constitución fuerte y cuerpo macizo. Pelaje corto, colores amarillos, leonados o rojizos con máscara negra. Aspecto imponente pero tranquilo."
1,Bullmastiff,8,10,"Perro inglés de guardia, musculoso y robusto. Cabeza grande y cuadrada, hocico corto. Pelaje corto en tonos leonado, rojo o atigrado. Protector y valiente."
1,Dogo de Burdeos,8,10,"Perro francés muy robusto y musculoso. Cabeza enorme con arrugas, hocico corto. Pelaje corto de color rojo fuego. Aspecto poderoso y valiente."
1,Dogo del Tíbet (Mastín Tibetano),10,12,"Perro guardián de origen tibetano, de gran tamaño y melena abundante que recuerda a un león. Pelaje denso, colores negro, dorado o marrón. Imponente y protector."
1,Gran Danés (Dogo Alemán),7,10,"Una de las razas más grandes del mundo. Altura impresionante, cuerpo musculoso y elegante. Pelaje corto, variedad de colores (arlequín, negro, azul, atigrado, leonado). Cariñoso y leal."
1,Irish Wolfhound,6,10,"Perro irlandés de los más altos del mundo, cuerpo largo y musculoso. Pelaje áspero y duro, en colores gris, negro, atigrado o blanco. Aspecto noble y majestuoso."
1,Kangal Shepherd Dog,10,13,"Perro guardián turco, de gran tamaño y fuerte musculatura. Pelaje corto y denso, generalmente beige con máscara negra. Conocido por su fuerza y valentía."
1,Landseer,9,11,"Similar al Terranova, pero con pelaje blanco con manchas negras. Cuerpo robusto, patas largas y aspecto elegante. Amigable y excelente nadador."
1,Leonberger,8,10,"Perro alemán de aspecto leonino, con melena abundante alrededor del cuello. Pelaje largo en tonos dorados o leonados. Majestuoso, equilibrado y familiar."
1,Mastiff (Mastín Inglés),6,10,"Una de las razas más pesadas del mundo. Cuerpo masivo, pecho ancho y cabeza grande. Pelaje corto en tonos leonado, atigrado o albaricoque. Protector y tranquilo."
1,Mastín del Pirineo,8,12,"Perro español de montaña, criado para proteger rebaños. De gran tamaño y fuerte constitución, pelaje espeso y blanco con manchas grises, negras o leonadas. Carácter noble y protector."
1,Mastín Español,8,12,"Una de las razas más grandes de España. Cuerpo robusto, pecho ancho y patas fuertes. Pelaje denso, normalmente leonado, atigrado o negro. Conocido por su labor como guardián de ganado."
1,Neapolitan Mastiff (Mastín Napolitano),8,10,"Perro italiano de aspecto impresionante, piel suelta con arrugas abundantes. Cuerpo musculoso y macizo. Pelaje corto en gris, negro, marrón o leonado. Protector y leal."
1,Newfoundland (Terranova),8,10,"Perro canadiense de trabajo, excelente nadador y rescatista acuático. Cuerpo grande y fuerte, pelaje largo, denso y resistente al agua. Colores negro, marrón o blanco y negro."
1,Perro de la Sierra de la Estrela,10,12,"Raza portuguesa, perro pastor de montaña. Cuerpo fuerte, musculoso y bien proporcionado. Pelaje largo o corto, espeso, en colores amarillos, grises o atigrados. Protector y leal."
1,Perro de Montaña de los Pirineos,10,12,"Majestuoso perro guardián francés, de gran tamaño y porte elegante. Pelaje largo, denso y blanco, a veces con manchas grises o amarillas. Protector, noble y sereno."
1,Rottweiler,8,10,"Perro alemán robusto y musculoso, de cuerpo compacto y fuerte. Pelaje corto, negro con marcas fuego en cara, pecho y patas. Inteligente, seguro y protector."
1,San Bernardo,8,10,"Conocido perro de rescate alpino, imponente y fuerte. Pelaje denso, largo o corto, blanco con manchas marrones o leonadas. Amigable, noble y bondadoso."
1,Afgano (Lebrel Afgano),12,14,"Elegante lebrel oriental, de cuerpo alto y estilizado. Pelaje largo, fino y sedoso en gran variedad de colores. Distinguido y veloz."
1,Akita Japonés,10,12,"Perro japonés de constitución robusta y porte digno. Pelaje doble, denso y corto, en colores rojo, blanco o atigrado. Valiente, leal y reservado."
1,Basset Azul de Gascuña,11,13,"Perro francés de orejas largas y cuerpo alargado. Pelaje corto, moteado azul con manchas negras y marcas fuego. Buen cazador y de carácter amigable."
1,Basset Grifón Vandeano (Pequeño),12,14,"De cuerpo alargado, patas cortas y pelaje duro y áspero. Colores variados (blanco, negro, naranja, limón, leonado). Alegre, resistente y valiente."
1,Beauceron,10,12,"Perro pastor francés, musculoso y bien proporcionado. Pelaje corto, negro y fuego o arlequín. Inteligente, valiente y excelente guardián."
1,Bedlington Terrier,12,14,"Terrier inglés con apariencia similar a un cordero. Pelaje rizado, suave y lanoso en colores azul, hígado o arena. Ágil, cariñoso y enérgico."
1,Bergamasco,12,156,"Perro pastor italiano, conocido por su pelaje largo en mechones similares a rastas. Colores gris y negro. De aspecto rústico, equilibrado y protector."
1,Bichón Frisé,14,15,"Perro pequeño, alegre y vivaz. Pelaje blanco, esponjoso y rizado, con aspecto de algodón. Ojos oscuros y expresivos, aspecto simpático. Muy sociable y juguetón."
1,Bloodhound (Sabueso de San Huberto),10,12,"Famoso sabueso de rastreo, de orejas largas y piel suelta con pliegues. Pelaje corto en negro y fuego, hígado y fuego o rojo. Olfato excepcional."
1,Bobtail (Antiguo Perro Pastor Inglés),10,12,"Pastor inglés con pelaje largo, abundante y lanoso, generalmente gris y blanco. De cuerpo fuerte y aspecto entrañable. Protector y amigable."
1,Bodeguero Andaluz,12,14,"Terrier español, ágil y enérgico. Pelaje corto, blanco con manchas negras y/o marrones en la cabeza. Usado tradicionalmente para cazar roedores en bodegas."
1,Border Collie,12,15,"Pastor escocés, considerado uno de los perros más inteligentes. Cuerpo ágil y atlético, pelaje medio o largo en varios colores, siendo común el blanco y negro. Incansable y trabajador."
1,Bracco Italiano (Braco Italiano),10,12,"Perro de caza italiano, de cuerpo atlético y elegante. Cabeza alargada, orejas largas y pelaje corto moteado o bicolor (blanco-naranja o blanco-marrón). Fino rastreador."
1,Braco Alemán de Pelo Corto,12,14,"Perro de caza versátil, de constitución atlética. Pelaje corto, denso y moteado (hígado y blanco). Muy enérgico y obediente."
1,Braco Alemán de Pelo Duro,12,14,"Variante robusta del braco alemán, con pelaje duro y áspero, barba y cejas pobladas. Colores hígado, blanco o moteado. Resistente y excelente cazador."
1,Braco de Weimar (Weimaraner),10,13,"Perro de caza alemán, elegante y atlético. Pelaje corto, plateado o grisáceo, ojos claros distintivos. Conocido como el ""fantasma gris"". Leal y enérgico."
1,Braco Húngaro (Vizsla),12,14,"Perro de caza húngaro, elegante y atlético. Pelaje corto y dorado-rojizo, ojos y nariz en tonos avellana. Muy enérgico, leal y afectuoso."
1,Braco Húngaro de Pelo Duro (Vizsla de Pelo Duro),12,14,"Variante del Vizsla con pelaje áspero, denso y con barba característica. Color dorado-rojizo. Resistente, activo y trabajador."
1,Bretón (Spaniel Bretón),12,14,"Perro de caza francés, compacto y ágil. Pelaje medio, denso y ondulado, bicolor o tricolor (blanco-naranja, blanco-marrón). Muy alegre y sociable."
1,Bull Terrier Miniatura,11,14,"Similar al Bull Terrier estándar pero más pequeño. Cabeza ovalada, fuerte musculatura. Pelaje corto, variedad de colores (blanco, atigrado, negro, marrón). Valiente y juguetón."
1,Bulldog (Inglés),8,10,"Perro británico, bajo y robusto. Cabeza grande con arrugas, hocico chato. Pelaje corto en varios colores (blanco, leonado, atigrado). Cariñoso y tranquilo."
1,Caniche Enano (Miniatura),12,15,"Variedad del Caniche, de tamaño intermedio entre el toy y el estándar. Pelaje rizado e hipoalergénico, en colores variados (blanco, negro, marrón, gris, albaricoque). Elegante, activo e inteligente."
1,Caniche Grande (Estándar),12,15,"La variedad más grande del Caniche. Cuerpo atlético y proporcionado, pelaje rizado y espeso, en múltiples colores. Muy versátil, elegante y obediente."
1,Caniche Toy,14,17,"La variedad más pequeña de los Caniches. Pelaje rizado, denso e hipoalergénico. De aspecto delicado y elegante, pero vivaz y juguetón."
1,Cavalier King Charles Spaniel,12,15,"Perro inglés de compañía, de aspecto refinado. Pelaje sedoso, largo y ondulado en colores Blenheim, tricolor, rubí o negro y fuego. Muy afectuoso y sociable."
1,Cazador de Alces Noruego (Elkhound Noruego),12,15,"Perro nórdico de caza, fuerte y compacto. Pelaje doble, gris plateado con tonos negros, cola enroscada sobre el lomo. Leal, protector y valiente."
1,Chihuahua (de pelo largo),14,17,"El perro más pequeño del mundo, con pelaje largo, suave y sedoso. Cabeza redonda tipo “manzana”, orejas grandes y ojos expresivos. Muy vivaz y apegado a su dueño."
1,Chihuahua (de pelo suave/corto),14,17,"Similar al de pelo largo pero con pelaje corto, liso y brillante. De cuerpo pequeño y compacto. Carácter valiente, curioso y enérgico."
1,Chin Japonés,12,14,"Perro de compañía de aspecto elegante y delicado. Pelaje largo, sedoso y abundante, generalmente blanco con negro o rojo. Carácter dulce, tranquilo y afectuoso."
1,Chow Chow (de pelo suave),9,15,"Variante del Chow Chow con pelaje más corto y liso. De aspecto robusto y leonino, lengua azul característica. Digno, independiente y protector."
1,Clumber Spaniel,10,12,"Spaniel inglés de cuerpo robusto y bajo. Pelaje denso, blanco con manchas limón o naranjas. Orejas grandes y caídas, expresión calmada. Sereno y leal."
1,Cobrador de Nueva Escocia (Nova Scotia Duck Tolling Retriever),12,14,"El más pequeño de los retrievers, de cuerpo compacto y atlético. Pelaje medio, denso e impermeable, color rojo o naranja con marcas blancas. Enérgico y excelente nadador."
1,Cockapoo,12,15,"Mestizo entre Cocker Spaniel y Caniche. Pelaje rizado u ondulado, variedad de colores. Alegre, cariñoso e inteligente, considerado hipoalergénico."
1,Cocker Spaniel (Inglés),12,15,"Perro de caza inglés, de cuerpo equilibrado y orejas largas. Pelaje sedoso, de longitud media, en gran variedad de colores (unicolores o particolores). Alegre y afectuoso."
1,Cocker Spaniel Americano,12,15,"Similar al inglés pero más pequeño y de cabeza más redondeada. Pelaje largo, sedoso y abundante, en diversos colores. Expresivo y sociable."
1,Collie Barbudo (Bearded Collie),12,14,"Pastor escocés, de cuerpo ágil y cubierto por un largo pelaje doble y ondulado. Colores gris, negro, azul o marrón con blanco. Vivaz, alegre y muy afectuoso."
1,Collie de Pelo Corto,12,14,"Variante del Collie con pelaje corto, liso y denso. Cuerpo elegante y atlético, colores sable, tricolor o azul mirlo. Inteligente, leal y buen pastor."
1,Corgi Galés de Cardigan,12,15,"El más antiguo de los Corgis, de cuerpo alargado y patas cortas. Cola larga, pelaje medio en varios colores. Muy activo, alerta y protector."
1,Corgi Galés de Pembroke,12,15,"Famoso por ser favorito de la realeza británica. De cuerpo alargado, patas cortas y cola generalmente corta o ausente. Pelaje medio, en tonos rojizos o tricolores. Alegre, sociable y fiel."
1,Crestado Chino (Chinese Crested Dog),12,14,"Perro de compañía único, en dos variedades: ""desnudo"" (piel descubierta con mechones en cabeza, cola y patas) y ""powderpuff"" (pelaje largo y sedoso). Elegante y afectuoso."
1,Crestado Rodesiano (Rhodesian Ridgeback),10,12,"Perro africano de caza y guardia. Reconocible por la cresta de pelo invertido en la espalda. Cuerpo fuerte y atlético, pelaje corto color trigo. Valiente y protector."
1,Field Spaniel,12,14,"Spaniel inglés de caza, de cuerpo alargado y elegante. Pelaje medio, liso o ligeramente ondulado, en colores negro, hígado o con marcas fuego. Sereno, equilibrado y afectuoso."
1,Fox Terrier de Pelo Duro,12,15,"Terrier inglés muy activo y enérgico. Pelaje duro, áspero y denso, generalmente blanco con manchas negras o marrones. Ágil, valiente y curioso."
1,Fox Terrier de Pelo Liso,12,15,"Similar al de pelo duro, pero con pelaje corto y liso. Color predominante blanco con manchas negras o fuego. Inteligente, vivaz y muy dinámico."
1,Foxhound (Americano o Inglés),10,13,"Perro de caza, fuerte y resistente. Pelaje corto y denso en tricolor (negro, blanco y fuego). Muy enérgico, necesita ejercicio intenso."
1,Galgo (Español),12,14,"Lebrel estilizado, ágil y muy veloz. Cuerpo delgado, patas largas y musculosas. Pelaje corto o duro, variedad de colores. Noble y reservado, excelente corredor."
1,Galgo Italiano,13,15,"Lebrel miniatura, muy esbelto y elegante. Cuerpo delgado, patas largas y finas. Pelaje corto y liso en variedad de colores (gris, negro, crema). Ágil, afectuoso y veloz."
1,Golden Retriever,10,12,"Uno de los perros más populares, originario de Escocia. Cuerpo robusto y armonioso, pelaje largo, denso y dorado. Inteligente, obediente y muy sociable."
1,Gran Azul de Gascuña,10,12,"Sabueso francés de gran tamaño. Pelaje moteado azul con manchas negras y marcas fuego. Orejas largas y caídas, expresión noble. Excelente olfato y resistente."
1,Gran Danés (Dogo Alemán),7,10,"Una de las razas más grandes del mundo. Cuerpo musculoso y elegante, pelaje corto en varios colores (arlequín, negro, azul, leonado, atigrado). Cariñoso y leal."
1,Grifón de Bruselas,12,15,"Perro de compañía belga, de cabeza redonda y hocico corto. Dos variedades: pelo duro y pelo liso. Colores rojo, negro o negro y fuego. Expresivo y vivaz."
1,Grifón Vandeano Grande (Grand Basset Griffon Vendéen),12,14,"Perro de caza francés, de cuerpo alargado y orejas largas. Pelaje duro, áspero y desordenado, en colores blanco con manchas negras, limón o naranja. Alegre, resistente y valiente."
1,Habanero (Bichón Habanero),13,15,"Perro de compañía cubano, de cuerpo pequeño y compacto. Pelaje largo, ondulado y sedoso, en variedad de colores. Muy cariñoso, alegre y juguetón."
1,Hamilton Stovare,12,14,"Sabueso sueco de caza, de cuerpo fuerte y elegante. Pelaje corto, tricolor (negro, blanco y fuego). Conocido por su resistencia y carácter equilibrado."
1,Husky Siberiano,12,14,"Perro de trineo originario de Siberia. Cuerpo atlético y compacto, pelaje doble espeso en varios colores, ojos azules o heterocromía. Energético y sociable."
1,Keeshond,12,14,"Perro holandés tipo spitz, de cuerpo robusto y pelaje abundante gris plateado con cara y orejas oscuras. Cola enroscada. Expresivo, alegre y muy familiar."
1,Kerry Blue Terrier,12,15,"Terrier irlandés de cuerpo atlético y elegante. Pelaje ondulado, denso y de color azul grisáceo característico. Inteligente, enérgico y leal."
1,King Charles Spaniel,10,12,"Perro de compañía inglés, de cuerpo compacto y orejas largas y caídas. Pelaje largo, sedoso, en colores rubí, tricolor, negro y fuego o Blenheim. Cariñoso y dócil."
1,Kuvasz Húngaro,10,12,"Perro guardián húngaro de gran tamaño. Pelaje blanco, largo y denso. De constitución fuerte y porte noble. Protector, valiente y fiel."
1,Labradoodle,12,14,"Cruce entre Labrador y Caniche. Pelaje rizado u ondulado, hipoalergénico, en variedad de colores. Muy sociable, activo e inteligente."
1,Labrador Retriever,10,12,"Una de las razas más populares. Cuerpo robusto y musculoso, pelaje corto y denso en colores amarillo, negro o chocolate. Amigable, equilibrado y excelente nadador."
1,Laekenois (Pastor Belga Laekenois),10,12,"Una de las cuatro variedades del Pastor Belga. Pelaje duro y áspero, de color leonado con sombras negras. Ágil, protector y muy trabajador."
1,Lancashire Heeler,12,15,"Perro británico pequeño, de cuerpo alargado y patas cortas. Pelaje corto, liso y negro con marcas fuego. Alegre, vivaz y excelente perro de compañía."
1,Lebrel Escocés (Deerhound),8,11,"Perro cazador de ciervos, muy alto y estilizado. Pelaje áspero y duro, generalmente gris azulado. Noble, tranquilo y cariñoso."
1,Lobero Irlandés (Irish Wolfhound),6,10,"Uno de los perros más altos del mundo. Cuerpo musculoso y largo, pelaje duro y áspero en varios colores (gris, negro, atigrado, blanco). Imponente y gentil."
1,Lowchen (Pequeño Perro León),10,14,"Perro de compañía, de cuerpo compacto. Pelaje largo, ondulado y sedoso, en varios colores. Tradicionalmente se le arregla en corte tipo “león”. Cariñoso y vivaz."
1,Malamute de Alaska,10,12,"Perro de trineo de gran tamaño, robusto y muy fuerte. Pelaje doble, espeso y resistente al frío, en colores gris, negro, sable o rojo con blanco. Cola peluda enroscada sobre el lomo. Amigable y trabajador."
1,Maltés,12,15,"Perro de compañía elegante, de cuerpo pequeño y compacto. Pelaje largo, sedoso y blanco puro. Expresivo, vivaz y muy cariñoso."
1,Manchester Terrier,14,16,"Terrier inglés ágil y atlético. Pelaje corto, liso y brillante, siempre negro con marcas fuego. Inteligente, alerta y valiente."
1,Mastín Inglés (Mastiff),6,10,"Uno de los perros más pesados del mundo. Cuerpo macizo, pecho amplio y cabeza grande. Pelaje corto en tonos leonado, atigrado o albaricoque. Protector y tranquilo."
1,Mastín Napolitano,8,10,"Perro italiano muy robusto y musculoso. Piel suelta con arrugas abundantes, hocico ancho y fuerte. Pelaje corto en gris, negro, leonado o marrón. Protector y leal."
1,Mastín Tibetano,10,12,"Perro guardián originario del Tíbet. De aspecto imponente con melena espesa alrededor del cuello. Pelaje largo y denso en negro, dorado o marrón. Independiente y vigilante."
1,Munsterlander Grande,12,14,"Perro de caza alemán, elegante y atlético. Pelaje largo, blanco con manchas negras o hígado. Orejas largas y caídas. Excelente cobrador y muy obediente."
1,Pachón Navarro,11,13,"Antigua raza española de caza. Reconocible por su característica nariz doble. Pelaje corto, generalmente blanco con manchas naranjas o marrones. Noble y trabajador."
1,Papillon,13,15,"Perro de compañía francés, pequeño y refinado. Llamado “mariposa” por la forma de sus orejas grandes y erguidas. Pelaje largo y sedoso, blanco con manchas de varios colores. Alegre y cariñoso."
1,Parson Jack Russell Terrier,13,15,"Terrier inglés enérgico y valiente. Cuerpo compacto, patas más largas que el Jack Russell estándar. Pelaje corto, duro o liso, predominantemente blanco con manchas negras o marrones. Muy activo y cazador nato."
1,Pastor Belga Groenendael,12,14,"Una de las cuatro variedades del Pastor Belga. Pelaje largo, abundante y negro sólido. De cuerpo elegante, musculoso y ágil. Inteligente, leal y excelente guardián."
1,Pastor Belga Malinois,12,14,"Pastor belga de pelo corto y duro. Pelaje leonado con máscara negra. Atlético, ágil y obediente, muy usado en labores policiales y militares."
1,Pastor Belga Tervueren,12,14,"Variedad de Pastor Belga con pelaje largo, denso y de color leonado con máscara negra. Aspecto elegante, muy activo, protector y versátil."
1,Pastor de Anatolia (Kangal),10,13,"Perro guardián turco de gran tamaño y fuerza. Pelaje corto y denso, generalmente beige con máscara negra. Independiente, protector y muy leal."
1,Pastor de Brie (Briard),10,12,"Perro pastor francés de cuerpo fuerte y elegante. Pelaje largo, ondulado y áspero, en colores negro, gris o leonado. Orejas caídas y carácter leal y protector."
1,Pastor de los Pirineos,12,15,"Pastor francés, ágil y vivaz. Pelaje largo o semilargo, en variedad de colores (marrón, gris, negro, leonado). Muy inteligente y trabajador."
1,Pastor de Maremma (Maremmano-Abruzzese),11,13,"Perro guardián italiano de rebaños. Pelaje largo, blanco y denso. De cuerpo fuerte y aspecto noble. Protector, valiente y fiel."
1,Pastor de Shetland (Shetland Sheepdog),12,14,"Similar al Collie pero más pequeño. Pelaje largo, espeso y abundante, en colores sable, tricolor o azul mirlo. Inteligente, muy ágil y obediente."
1,Pastor Ganadero Australiano (Australian Cattle Dog),12,15,"Perro de trabajo robusto y ágil. Pelaje corto y denso, moteado azul o rojo. Muy enérgico, leal y resistente. Excelente perro de pastoreo."
1,Pastor Lapon de Suecia,12,14,"Perro nórdico de trabajo, ágil y resistente. Pelaje doble, espeso y de longitud media, en colores oscuros con marcas claras. Utilizado como perro pastor y de trineo."
1,Bull Terrier,11,13,"Terrier inglés de aspecto inconfundible. Cabeza ovalada en forma de “huevo”, cuerpo musculoso y compacto. Pelaje corto, en blanco sólido o con manchas de color. Valiente y enérgico."
1,Cane Corso (Mastín Italiano),9,12,"Perro italiano de guardia y compañía. Cuerpo atlético y poderoso, cabeza grande. Pelaje corto en negro, gris, leonado o atigrado. Protector, leal y seguro."
1,Perro de Agua Portugués,12,14,"Perro marinero portugués, de cuerpo robusto y compacto. Pelaje rizado o ondulado, resistente al agua, en negro, blanco o marrón. Inteligente, activo y excelente nadador."
1,Perro del Faraón (Pharaoh Hound),12,14,"Antigua raza maltesa de caza. Cuerpo elegante y atlético, pelaje corto y fino color marrón rojizo. Expresivo, ágil y muy afectuoso."
1,Perro Finlandés de Laponia,12,14,"Perro nórdico de pastoreo, compacto y robusto. Pelaje doble, abundante y espeso, en varios colores (negro, marrón, crema) con marcas claras. Sociable, trabajador y amistoso."
1,Mini Pinscher (Pinscher Miniatura),12,15,"Pequeño perro alemán, ágil y vivaz. Cuerpo compacto, pelaje corto y brillante en negro y fuego, chocolate o rojo. Llamado el “rey de los toys”."
1,Pastor Blanco Suizo,12,14,"Variante del Pastor Alemán, de cuerpo elegante y fuerte. Pelaje blanco, largo o semilargo. Inteligente, leal y muy protector."
1,Pastor Catalán (Gos d’Atura Català),12,14,"Perro pastor rústico y ágil. Pelaje largo, ondulado y de aspecto desordenado, en tonos marrones, grises o negros. Muy activo, inteligente y trabajador."
1,Pastor del Cáucaso,10,12,"Imponente perro guardián de montaña. Cuerpo robusto y fuerte, pelaje denso y largo en varios colores. Protector, independiente y valiente."
1,Pastor Vasco,12,14,"Perro pastor autóctono del País Vasco. Dos variedades: Iletsua (pelaje largo y rústico) y Gorbeiakoa (pelaje corto). Colores leonados o rojizos. Muy activo, trabajador y fiel."
1,Pointer Inglés,12,15,"Perro de caza británico, elegante y atlético. Cuerpo estilizado, pelaje corto y liso en colores combinados (blanco con negro, limón, hígado o naranja). Famoso por su postura de “apuntar”."
1,Perro Serra da Estrela (Pastor de la Sierra de Estrela),10,12,"Perro pastor portugués de montaña. Pelaje espeso, largo o corto, en tonos leonados, atigrados o grises. Fuerte, protector y leal."
1,Pinscher Alemán,12,14,"Antecesor del Doberman y Mini Pinscher. Cuerpo compacto y musculoso, pelaje corto y brillante en negro y fuego, rojo o marrón. Valiente, ágil y vigilante."
1,Pitbull Terrier Americano,12,15,"Perro musculoso y atlético. Pelaje corto y brillante, variedad de colores. Fuerte, resistente y enérgico, aunque muy afectuoso con su familia."
1,Podenco Canario,11,13,"Perro de caza originario de Canarias. Cuerpo delgado y musculoso, orejas grandes y erguidas. Pelaje corto y fino, color rojizo o blanco y rojizo. Muy ágil y veloz."
1,Podenco Ibicenco (de pelo corto y liso),12,14,"Perro cazador de las Baleares. Cuerpo estilizado, orejas grandes y erguidas. Pelaje corto y duro o liso, generalmente blanco y rojizo. Veloz y elegante."
1,Puli Húngaro,12,16,"Pastor húngaro de tamaño medio. Destaca por su pelaje largo en forma de cordones o rastas, que lo protege del clima. Activo, ágil y muy inteligente."
1,Ratonero Valenciano (Gos Rater Valencià),12,14,"Terrier español de cuerpo pequeño y ágil. Pelaje corto, generalmente tricolor (negro, blanco y fuego). Usado tradicionalmente para cazar roedores. Vivo y enérgico."
1,Pastor Alemán,9,13,"Una de las razas más populares del mundo. Cuerpo fuerte y musculoso, pelaje doble (corto o largo), negro con fuego, sable o totalmente negro. Inteligente, leal y versátil."
1,Chow Chow (de pelo duro),9,15,"Variante del Chow Chow con pelaje más corto, áspero y denso. Apariencia robusta, con la característica lengua azulada. Independiente, digno y protector."
1,Retriever de Chesapeake (Chesapeake Bay Retriever),10,13,"Perro cobrador estadounidense, fuerte y atlético. Pelaje denso, aceitoso y rizado, en tonos marrón, juncal o paja. Excelente nadador y trabajador."
1,Retriever de Pelo Liso (Flat-Coated Retriever),10,12,"Perro cobrador inglés, de aspecto elegante y alegre. Pelaje largo, liso y brillante, generalmente negro o hígado. Muy sociable y enérgico."
1,Rough Collie (Pastor Escocés de Pelo Largo),12,14,"Famoso por la serie ""Lassie"". Cuerpo elegante, pelaje largo, abundante y sedoso en colores sable, tricolor o azul mirlo. Inteligente, leal y familiar."
1,Sabueso Bávaro de Montaña,10,12,"Perro de rastreo alemán, de cuerpo fuerte y ágil. Pelaje corto y denso, de color rojizo o marrón. Excelente olfato, valiente y equilibrado."
1,Sabueso Italiano (de pelo corto y suave),12,14,"Sabueso de caza ágil y elegante. Pelaje corto, fino y brillante, en colores negro y fuego, leonado o rojo. Cuerpo estilizado, orejas largas y caídas. Muy resistente y con gran olfato."
1,Saluki (Galgo Persa),12,14,"Lebrel antiguo, de cuerpo delgado y elegante. Pelaje liso y sedoso con flecos en orejas, cola y patas. Colores variados (blanco, crema, dorado, negro). Veloz, refinado y noble."
1,San Bernardo (de pelo medio/largo),8,10,"Conocido perro alpino de rescate. Cuerpo imponente y musculoso, pelaje abundante y denso, blanco con manchas marrones o leonadas. Carácter noble, bondadoso y familiar."
1,Schnauzer Estándar,12,14,"Terrier alemán de cuerpo robusto y ágil. Pelaje duro y áspero, barba y cejas características. Colores sal y pimienta o negro sólido. Inteligente, vigilante y activo."
1,Schnauzer Gigante,10,12,"Versión más grande de la raza. Cuerpo musculoso y fuerte, pelaje duro, negro o sal y pimienta. Protector, trabajador y con gran energía. Muy usado en labores policiales."
1,Schnauzer Miniatura,12,15,"Versión más pequeña del Schnauzer. Cuerpo compacto, barba y cejas características. Pelaje duro y áspero en colores sal y pimienta, negro o negro y plata. Alegre, vivaz y vigilante."
1,Sealyham Terrier,12,14,"Terrier galés, de cuerpo robusto y bajo. Pelaje largo, duro y blanco, a veces con manchas en la cabeza. Valiente, independiente y con carácter fuerte."
1,Setter Escocés (Gordon Setter),10,12,"Perro de caza elegante y resistente. Pelaje largo y sedoso, de color negro y fuego. Cuerpo fuerte y atlético. Leal, trabajador y noble."
1,Setter Inglés,10,12,"Perro de muestra elegante y armonioso. Pelaje largo, sedoso y con motas (belton), en varios colores como azul, limón, hígado o naranja. Inteligente, cariñoso y ágil."
1,Setter Irlandés,12,15,"Reconocible por su pelaje largo, sedoso y de color rojo caoba. Cuerpo atlético y elegante. Muy enérgico, sociable y afectuoso."
1,Shar Pei,8,12,"Perro chino famoso por sus arrugas profundas y piel suelta. Hocico ancho, orejas pequeñas y pelaje corto y áspero en varios colores. Protector, independiente y leal."
1,Shiba Inu,12,15,"Perro japonés compacto y ágil. Pelaje doble y denso, de color rojo, sésamo, negro y fuego o crema. Cola enroscada sobre el lomo. Valiente, independiente y fiel."
1,Shih Tzu,10,16,"Perro de compañía de origen chino-tibetano. Pelaje largo, abundante y sedoso, en variedad de colores. Hocico corto, cara achatada y expresión dulce. Cariñoso y alegre."
1,Skye Terrier,12,14,"Terrier escocés de cuerpo alargado y patas cortas. Pelaje largo, liso y abundante, en colores gris, negro o crema. Orejas erguidas o caídas. Fiel, valiente y reservado."
1,Sloughi (Galgo Árabe),12,14,"Lebrel africano de cuerpo delgado y elegante. Pelaje corto, fino y liso, en colores arena, rojo o crema. Veloz, noble y sensible."
1,Soft Coated Wheaten Terrier,12,14,"Terrier irlandés, de cuerpo compacto y fuerte. Pelaje largo, sedoso y ondulado, de color trigo suave. Alegre, afectuoso y muy activo."
1,Spaniel Holandés (Kooikerhondje),12,14,"Perro de caza neerlandés, elegante y ágil. Pelaje medio, blanco con manchas anaranjadas y orejas con plumas negras. Sociable, alegre y trabajador."
1,Spinone Italiano,12,14,"Perro de muestra italiano, robusto y atlético. Pelaje duro y áspero, en colores blanco, naranja o marrón. Con barba y cejas pobladas. Noble y versátil."
1,Spitz Alemán Mediano,12,15,"Perro tipo spitz, de cuerpo compacto. Pelaje abundante y esponjoso, en varios colores. Cola curvada sobre el lomo. Muy vivaz y alerta."
1,Spitz Alemán Pequeño,13,15,"Similar al mediano pero de menor tamaño. Pelaje abundante y esponjoso, en variedad de colores. Activo, vigilante y alegre."
1,Spitz Finlandés,12,14,"Perro nacional de Finlandia, de cuerpo compacto y ágil. Pelaje espeso, de color rojo dorado. Orejas erguidas y cola enroscada sobre el lomo. Alegre, valiente y buen cazador."
1,Spitz Japonés,12,14,"Perro de compañía elegante, similar al Samoyedo pero más pequeño. Pelaje blanco, largo y abundante. Cola enroscada y expresión vivaz. Cariñoso y fiel."
1,Springer Spaniel Galés,12,15,"Spaniel de caza robusto y activo. Pelaje medio, rojo y blanco, con orejas largas y caídas. Muy sociable, alegre y enérgico."
1,Staffordshire Bull Terrier,12,14,"Perro inglés de cuerpo musculoso y compacto. Pelaje corto y brillante, en varios colores. De expresión fuerte pero muy cariñoso con la familia."
1,Sussex Spaniel,12,15,"Spaniel inglés bajo y robusto. Pelaje largo, ondulado y abundante, color hígado dorado. Carácter tranquilo, leal y afectuoso."
1,Teckel (pelo largo),12,16,"Perro alemán alargado y de patas cortas. Pelaje largo, liso y brillante en múltiples colores (rojo, negro y fuego, arlequín). Inteligente y curioso."
1,Teckel (pelo duro),12,16,"Variante del Teckel con pelaje duro y áspero, barba y cejas pobladas. Colores variados, muy usado en la caza. Valiente y resistente."
1,Teckel (pelo liso),12,16,"La variedad original del Teckel. Pelaje corto, denso y brillante, en rojo, negro y fuego o arlequín. De cuerpo compacto y patas cortas. Enérgico y alerta."
1,Teckel miniatura (pelo duro),12,16,"Versión más pequeña del Teckel de pelo duro. Pelaje áspero y denso, con barba y cejas. Utilizado en caza de pequeños animales. Vivo y valiente."
1,Teckel miniatura (pelo largo),12,16,"Versión miniatura del Teckel de pelo largo. Pelaje sedoso y brillante en diversos colores. Cariñoso, activo y muy apegado a su familia."
1,Teckel miniatura (pelo liso),12,16,"Versión más pequeña del Teckel de pelo corto. Cuerpo alargado y patas cortas, pelaje liso, denso y brillante en varios colores. Vivaz, curioso y afectuoso."
1,Terranova (Newfoundland),8,10,"Perro de trabajo canadiense, excelente nadador y rescatista acuático. Cuerpo grande y fuerte, pelaje largo y denso, en negro, marrón o blanco y negro. Noble, paciente y protector."
1,Terrier Australiano,12,15,"Terrier robusto y ágil, de cuerpo alargado. Pelaje áspero y duro, en azul y fuego o arena. Vivo, valiente y muy leal a su familia."
1,Terrier Checo,12,15,"Terrier originario de la República Checa. Cuerpo bajo y alargado, pelaje sedoso y largo, en gris azulado o marrón. Cariñoso, dócil y buen cazador."
1,Terrier de Airedale (Airedale Terrier),10,13,"El mayor de los terriers, originario de Inglaterra. Cuerpo fuerte y atlético, pelaje duro y áspero, color negro y fuego. Inteligente, valiente y protector."
1,Terrier de Norfolk,12,15,"Terrier inglés de patas cortas y cuerpo compacto. Pelaje duro y áspero, en colores rojo, trigo, negro y fuego o gris. Orejas caídas. Alegre, vivaz y afectuoso."
1,Terrier de Norwich,12,15,"Similar al Norfolk, pero con orejas erguidas. Pelaje áspero y duro en colores similares. Muy enérgico, curioso y sociable."
1,Terrier Escocés (Scottish Terrier),12,15,"Terrier de cuerpo bajo y robusto. Pelaje duro y áspero, generalmente negro, aunque también trigo o atigrado. Hocico largo y cejas pobladas. Valiente y leal."
1,Terrier Galés (Welsh Terrier),12,15,"Terrier británico de cuerpo compacto. Pelaje duro y áspero, color negro y fuego. Similar al Airedale pero más pequeño. Activo, valiente y juguetón."
1,Terrier Tibetano,12,15,"Perro de compañía tibetano, de cuerpo fuerte y ágil. Pelaje largo, abundante y denso, en varios colores. Alegre, afectuoso y protector."
1,"Toy Terrier Inglés (English Toy Terrier, Black & Tan)",12,13,"Terrier miniatura inglés, elegante y ágil. Pelaje corto, liso y brillante, siempre negro y fuego. Orejas grandes y erguidas. Vivaz, leal y vigilante."
1,Xoloitzcuintle Mediano,12,15,"Raza mexicana ancestral, sin pelo (aunque existe variedad con pelo corto). Piel suave y oscura, orejas grandes y erguidas. Elegante, noble y muy fiel."
2,Abyssinian,12,15,"Cuerpo esbelto y musculoso, pelaje corto de color rojizo o arena con efecto “ticking”."
2,Aegean,9,12,"Pelo semilargo bicolor (generalmente blanco con manchas negras o rojizas), ojos almendrados."
2,American Bobtail,13,16,"Gato robusto con cola corta natural, pelaje espeso de longitud media, ojos grandes y expresivos."
2,American Curl,12,16,"Reconocido por sus orejas curvadas hacia atrás, pelaje sedoso corto o largo, cuerpo esbelto."
2,American Shorthair,15,20,"Cuerpo fuerte, hocico ancho, pelaje corto y denso con múltiples patrones (clásico atigrado común)."
2,American Wirehair,12,16,"Pelaje áspero y rizado como alambre, cuerpo robusto, ojos redondos."
2,Aphrodite Giant,12,15,"Gato de cuerpo alargado, patas largas, pelaje semilargo, ojos grandes y almendrados."
2,Arabian Mau,12,14,"Gato de pelaje corto y pegado al cuerpo, orejas grandes, cuerpo atlético."
2,Asian,12,16,"Pelaje corto y brillante, ojos grandes dorados o verdes, cuerpo elegante parecido al birmano."
2,Asian Semi-longhair,12,16,"Pelaje semilargo y sedoso, ojos expresivos, cuerpo esbelto pero musculoso."
2,Australian Mist,12,16,"Pelaje corto con moteado o jaspeado, cuerpo compacto y musculoso, ojos grandes verdes."
2,Balinese,12,20,"Pelaje semilargo y sedoso, cuerpo esbelto, orejas grandes, ojos azules almendrados."
2,Bambino,9,13,Cuerpo sin pelo o con poco vello (similar al Sphynx) y patas cortas tipo Munchkin.
2,Bengal,12,16,"Pelaje corto con rosetas o moteado que recuerda al leopardo, cuerpo atlético."
2,Birman,12,16,"Pelo semilargo, ojos azules intensos, patas blancas (“guantes”), cuerpo robusto."
2,Bombay,12,16,"Pelaje corto, liso y negro brillante, ojos dorados o cobrizos grandes y redondos."
2,Brazilian Shorthair,12,16,"Cuerpo flexible y atlético, pelaje corto con múltiples colores y patrones."
2,British Longhair,12,16,"Pelaje largo y denso, cuerpo fornido, cara redonda y ojos grandes (cobre o dorado)."
2,British Shorthair,12,20,"Cuerpo robusto, pelaje corto y muy denso, cabeza ancha con ojos grandes (cobre o azul)."
2,Burmese,10,15,"Cuerpo compacto, pelaje corto y satinado, ojos grandes dorados o amarillos."
2,Burmilla,12,15,"Pelaje corto plateado con sombras, ojos verdes expresivos, cuerpo mediano y elegante."
2,California Spangled,9,13,"Pelaje corto con manchas tipo leopardo, cuerpo atlético y alargado."
2,Chantilly-Tiffany,10,16,"Pelaje semilargo sedoso, usualmente marrón chocolate, ojos dorados a ámbar."
2,Chartreux,10,15,"Pelaje corto y lanoso azul grisáceo, ojos anaranjados o cobrizos, cuerpo robusto."
2,Chausie,12,15,"Cuerpo largo y musculoso, pelaje corto con tonos marrones o grises, orejas grandes."
2,Cornish Rex,11,15,"Pelaje muy corto y rizado, cuerpo delgado y esbelto, orejas grandes y altas."
2,Cymric,12,16,"Gato sin cola (variante del Manx), pelaje largo y espeso, cuerpo compacto."
2,Devon Rex,9,14,"Pelaje corto y rizado, orejas muy grandes, cara triangular."
2,Donskoy,12,15,"Cuerpo sin pelo o con poco vello, piel arrugada, orejas grandes."
2,Egyptian Mau,13,16,"Pelaje corto plateado con manchas oscuras, cuerpo ágil y musculoso, ojos verdes."
2,Exotic Shorthair,12,15,"Similar al Persa pero con pelo corto y denso, cara achatada, ojos grandes redondos."
2,Havana,12,15,"Pelaje corto marrón caoba uniforme, ojos verdes almendrados."
2,Highlander,10,15,"Cuerpo musculoso, orejas curvadas, cola corta, pelaje moteado o atigrado."
2,Himalayan,9,15,"Pelaje largo y sedoso, cuerpo robusto, cara achatada, ojos azules intensos."
2,Japanese Bobtail,10,16,"Cola corta en forma de pompón, cuerpo esbelto, pelaje corto o semilargo."
2,Khaomanee,10,12,"Pelaje blanco puro, ojos de colores distintos (heterocromía frecuente)."
2,Korat,10,15,"Pelaje corto azul plateado, ojos grandes verdes, cuerpo compacto."
2,Kurilian Bobtail,12,16,"Cola corta en forma de pompón, pelaje semilargo, cuerpo fuerte y musculoso."
2,LaPerm,12,15,"Pelaje rizado y ondulado, cuerpo esbelto, orejas medianas."
2,Maine Coon,12,15,"Gran tamaño, pelaje largo y espeso, orejas grandes con penachos, cuerpo musculoso."
2,Manx,12,16,"Gato sin cola (o con cola muy corta), cuerpo redondeado, pelaje corto o semilargo."
2,Minskin,10,12,"Cuerpo sin pelo con parches de pelaje, patas cortas tipo Munchkin."
2,Minuet,9,13,"Cuerpo compacto, patas cortas, pelaje largo y denso, cara achatada."
2,Munchkin,12,15,"Patas muy cortas, cuerpo alargado, pelaje corto o largo, múltiples colores."
2,Nebelung,11,16,"Pelaje semilargo azul grisáceo, ojos verdes, cuerpo elegante."
2,Norwegian Forest,12,16,"Pelaje semilargo espeso e impermeable, cuerpo grande y robusto, orejas con penachos."
2,Ocicat,12,18,"Pelaje corto moteado como de ocelote, cuerpo atlético y musculoso."
2,Oriental Longhair,12,15,"Cuerpo esbelto, pelaje largo y sedoso, ojos verdes almendrados."
2,Oriental Shorthair,12,15,"Cuerpo delgado, pelaje corto brillante en gran variedad de colores, orejas grandes puntiagudas."
2,Persian,12,17,"Cuerpo robusto, cara achatada, ojos grandes redondos, pelaje largo y sedoso."
2,Peterbald,12,15,"Gato sin pelo o con pelaje muy corto, cuerpo esbelto y orejas grandes."
2,Pixiebob,13,16,"Cuerpo musculoso, pelaje corto moteado, cola corta natural."
2,Pixiebob Longhair,13,16,"Similar al Pixiebob, pero con pelaje largo y espeso, cola corta natural."
2,Ragdoll,12,16,"Pelaje semilargo, ojos azules intensos, cuerpo grande y robusto."
2,Russian Blue,10,15,"Pelaje corto azul plateado, ojos verdes brillantes, cuerpo elegante."
2,Savannah,12,20,"Cuerpo alargado, pelaje corto moteado como leopardo, orejas grandes."
2,Scottish Fold,11,15,"Orejas dobladas hacia adelante, pelaje corto, cuerpo compacto."
2,Scottish Fold Longhair,11,15,Igual al Scottish Fold pero con pelaje largo y denso.
2,Scottish Straight,11,15,"Orejas rectas, pelaje corto, cuerpo redondeado y compacto."
2,Scottish Straight Longhair,11,15,Igual al Scottish Straight pero con pelaje largo y sedoso.
2,Selkirk Rex,12,15,"Pelaje corto rizado, cuerpo robusto, cara redondeada."
2,Selkirk Rex Longhair,12,15,Igual al Selkirk Rex pero con pelaje largo y rizado.
2,Serengeti,10,12,"Cuerpo atlético, pelaje corto moteado, patas largas."
2,Siamese,12,20,"Cuerpo esbelto, orejas grandes, ojos azules almendrados, pelaje corto con puntos de color."
2,Siberian,12,15,"Pelaje semilargo denso, cuerpo musculoso y robusto, ojos grandes redondos."
2,Singapura,11,15,"Gato de talla pequeña, pelaje corto sepia, ojos grandes y expresivos."
2,Snowshoe,12,15,"Pelaje corto bicolor con patas blancas, ojos azules, cuerpo musculoso."
2,Somali,12,16,"Pelaje semilargo y esponjoso, cola muy poblada, cuerpo esbelto."
2,Sphynx,8,14,"Cuerpo sin pelo, piel arrugada, orejas grandes, ojos almendrados."
2,Tennessee Rex,12,15,"Pelaje rizado y sedoso de colores variados, cuerpo mediano."
2,Tennessee Rex Shorthair,12,15,Similar al Tennessee Rex pero con pelaje corto rizado.
2,Thai,12,16,"Similar al siamés tradicional, cuerpo robusto, ojos azules, pelaje corto."
2,Tonkinese,12,16,"Cuerpo mediano, ojos azul verdoso, pelaje corto con patrón intermedio entre siamés y burmés."
2,Toybob,10,14,"Gato enano, cuerpo compacto, cola corta natural, pelaje corto o semilargo."
2,Toyger,12,15,"Pelaje corto con rayas tipo tigre, cuerpo musculoso y alargado."
2,Turkish Angora,12,18,"Pelaje largo y sedoso, cuerpo elegante, ojos azules, verdes o dispares."
2,Turkish Van,12,17,"Pelaje semilargo blanco con manchas de color en cabeza y cola, ojos azules o ámbar."
3,Iguana,15,20,"Reptil de cuerpo alargado, piel verde con escamas, cresta dorsal y cola larga."
3,Gecko,6,10,"Lagarto pequeño, cuerpo corto, dedos anchos con almohadillas adherentes, piel moteada."
3,Camaleón,5,10,"Reptil con ojos móviles independientes, lengua larga extensible y piel capaz de cambiar de color."
3,Tortuga de agua,20,40,"Caparazón duro ovalado, piel verdosa o marrón, patas palmeadas adaptadas a nadar."
3,Serpiente del maíz,10,15,"Serpiente delgada con escamas lisas, patrón atigrado anaranjado, rojizo o marrón."
3,Pogonas (Dragón barbudo),8,12,"Lagarto robusto, cuerpo aplanado con “barba” espinosa bajo la garganta, colores arena o marrón."
3,Serpiente jarretera,6,10,"Serpiente delgada, cuerpo con rayas longitudinales amarillas o verdes sobre fondo oscuro."
4,Periquitos,10,12,Plumaje verde brillante con máscara amarilla y manchas negras en alas.
4,Canarios,9,10,"Plumaje amarillo intenso (también puede ser blanco o rojizo), cuerpo pequeño y esbelto."
4,Diamantes,6,6,"Cuerpo pequeño, plumaje gris con detalles negros y naranjas en mejillas."
4,Agapornis,10,15,"Plumaje colorido (verde, naranja, amarillo o azul), pico curvado fuerte."
4,Ninfas,13,15,"Plumaje gris, con cara amarilla y mejillas anaranjadas, cresta erguida."
4,Cotorras,15,20,"Plumaje verde brillante, pico fuerte curvado, cola larga."
4,Loro gris africano,60,100,"Plumaje gris uniforme con cola roja, ojos amarillos."
4,Cacatúas,48,50,"Plumaje blanco o rosado, cresta prominente y móvil, pico grande."
4,Guacamayo,68,70,"Plumaje muy colorido (azul, amarillo, rojo o verde), cuerpo grande y cola larga."
4,Ecletus,55,60,"Macho verde brillante, hembra roja y azul; pico anaranjado en machos."
4,Petirrojo,2,3,Plumaje marrón con pecho anaranjado-rojizo característico.
4,Ruiseñor,3,5,"Plumaje marrón discreto, garganta clara; tamaño pequeño y aspecto delgado."
